advertiser_id,product_id,type,date
LW045DVYSGRD75TK6U54,mjdo61,impression,2023-04-21
LTRZRCI4M19WYVL6Q6L5,s1p6im,impression,2023-04-21
IOBPI63RBJIHI5FB7U9O,7kcrk2,impression,2023-04-21
P41C5HK4P2G5GFRMT6ZA,zv971s,impression,2023-04-21
OAGTYWN8WFC997VLDJH7,0pdrve,impression,2023-04-21
OAGTYWN8WFC997VLDJH7,gi4frf,impression,2023-04-21
5E325T5HYL61QSABVR5V,bvr4aa,impression,2023-04-21
M0LU6DCI1WILGQBZ6808,nd3nlr,impression,2023-04-21
K6Z0X85ZUY0TSF4RCG5J,v6wcl6,impression,2023-04-21
LTRZRCI4M19WYVL6Q6L5,11eo2z,impression,2023-04-21
SOVPFK3BBWKTQM9HOHWJ,mmmzn4,impression,2023-04-21
6X20RDH567MX2X3TXYJ7,gtpmkl,impression,2023-04-21
P41C5HK4P2G5GFRMT6ZA,bk64ft,impression,2023-04-21
EN1SA43DTN2LIR8DEW5S,7sqw8f,impression,2023-04-21
8C88YB6E8YCGWU07HA7A,6ojxvu,impression,2023-04-21
EN1SA43DTN2LIR8DEW5S,osw36t,impression,2023-04-21
OY5LNPB5A8FF43ITRZG3,3zbxdn,impression,2023-04-21
LW045DVYSGRD75TK6U54,wepa0m,impression,2023-04-21
K6Z0X85ZUY0TSF4RCG5J,bvaxfo,impression,2023-04-21
OAGTYWN8WFC997VLDJH7,tnp14h,impression,2023-04-21
KD9PHCBGYFBRI9ET1O9R,zs5the,impression,2023-04-21
62FIK8F2YT8JSFDBLEC9,20zxlp,impression,2023-04-21
Y0W3K7OV6ZLILW96OO3K,i9ntsi,impression,2023-04-21
K6Z0X85ZUY0TSF4RCG5J,xk56k2,impression,2023-04-21
OAGTYWN8WFC997VLDJH7,pf9vuv,impression,2023-04-21
IDOFCO721HTJGDH7332G,pcqkpt,impression,2023-04-21
KD9PHCBGYFBRI9ET1O9R,lka0ux,impression,2023-04-21
K6Z0X85ZUY0TSF4RCG5J,g3fn1m,impression,2023-04-21
P41C5HK4P2G5GFRMT6ZA,9eaosn,impression,2023-04-21
OY5LNPB5A8FF43ITRZG3,q4kg7l,impression,2023-04-21
62FIK8F2YT8JSFDBLEC9,8f7mzk,impression,2023-04-21
6X20RDH567MX2X3TXYJ7,z2aszi,impression,2023-04-21
8C88YB6E8YCGWU07HA7A,d723xs,impression,2023-04-21
AK81O7W3KGPEN8LABG2N,zvkgzx,impression,2023-04-21
EN1SA43DTN2LIR8DEW5S,ar5h7u,impression,2023-04-21
62FIK8F2YT8JSFDBLEC9,xtntrj,impression,2023-04-21
OY5LNPB5A8FF43ITRZG3,aoelr9,impression,2023-04-21
K6Z0X85ZUY0TSF4RCG5J,d066tx,impression,2023-04-21
KD9PHCBGYFBRI9ET1O9R,ve2187,impression,2023-04-21
OAGTYWN8WFC997VLDJH7,26clyi,impression,2023-04-21
LTRZRCI4M19WYVL6Q6L5,unq3hi,impression,2023-04-21
K6Z0X85ZUY0TSF4RCG5J,a8fvpm,impression,2023-04-21
GXLKAA83238FVRU718EX,5k6stq,impression,2023-04-21
62FIK8F2YT8JSFDBLEC9,7qcwsx,impression,2023-04-21
P41C5HK4P2G5GFRMT6ZA,pc9g2u,impression,2023-04-21
LW045DVYSGRD75TK6U54,y6e7bq,impression,2023-04-21
OAGTYWN8WFC997VLDJH7,pf9vuv,impression,2023-04-21
GXLKAA83238FVRU718EX,ht82qi,impression,2023-04-21
AK81O7W3KGPEN8LABG2N,54t2v9,impression,2023-04-21
8C88YB6E8YCGWU07HA7A,c0hvb3,impression,2023-04-21
KD9PHCBGYFBRI9ET1O9R,0f1rc1,impression,2023-04-21
6X20RDH567MX2X3TXYJ7,5em4lz,impression,2023-04-21
M0LU6DCI1WILGQBZ6808,7o3dcz,impression,2023-04-21
5E325T5HYL61QSABVR5V,zyzuqj,impression,2023-04-21
SOVPFK3BBWKTQM9HOHWJ,847yto,impression,2023-04-21
K6Z0X85ZUY0TSF4RCG5J,vru8v8,impression,2023-04-21
LTRZRCI4M19WYVL6Q6L5,9o6189,impression,2023-04-21
AK81O7W3KGPEN8LABG2N,bj20tn,impression,2023-04-21
GXLKAA83238FVRU718EX,6ut1bp,impression,2023-04-21
Y0W3K7OV6ZLILW96OO3K,ur643h,impression,2023-04-21
AK81O7W3KGPEN8LABG2N,3gcyfz,impression,2023-04-21
K6Z0X85ZUY0TSF4RCG5J,a2hdle,impression,2023-04-21
P41C5HK4P2G5GFRMT6ZA,zejm0f,impression,2023-04-21
OY5LNPB5A8FF43ITRZG3,d6k76j,impression,2023-04-21
EN1SA43DTN2LIR8DEW5S,p4de8i,impression,2023-04-21
5E325T5HYL61QSABVR5V,ea8b1r,impression,2023-04-21
SOVPFK3BBWKTQM9HOHWJ,lc67d7,impression,2023-04-21
P41C5HK4P2G5GFRMT6ZA,gdus1g,impression,2023-04-21
6X20RDH567MX2X3TXYJ7,hwe5r3,impression,2023-04-21
62FIK8F2YT8JSFDBLEC9,kun8in,impression,2023-04-21
GXLKAA83238FVRU718EX,mejm49,impression,2023-04-21
GXLKAA83238FVRU718EX,5kdmbv,impression,2023-04-21
OAGTYWN8WFC997VLDJH7,ifycvc,impression,2023-04-21
Y0W3K7OV6ZLILW96OO3K,8kal1o,impression,2023-04-21
M0LU6DCI1WILGQBZ6808,b8hkbl,impression,2023-04-21
M0LU6DCI1WILGQBZ6808,e34vmv,impression,2023-04-21
5E325T5HYL61QSABVR5V,u981g8,impression,2023-04-21
IOBPI63RBJIHI5FB7U9O,ebp84f,impression,2023-04-21
KD9PHCBGYFBRI9ET1O9R,ngu3ap,impression,2023-04-21
OY5LNPB5A8FF43ITRZG3,g644fq,impression,2023-04-21
AK81O7W3KGPEN8LABG2N,qwdsdh,impression,2023-04-21
Y0W3K7OV6ZLILW96OO3K,8kal1o,impression,2023-04-21
AK81O7W3KGPEN8LABG2N,9qi58g,impression,2023-04-21
GXLKAA83238FVRU718EX,e9zlzu,impression,2023-04-21
8C88YB6E8YCGWU07HA7A,k3sixh,impression,2023-04-21
Y0W3K7OV6ZLILW96OO3K,dinjn2,impression,2023-04-21
LTRZRCI4M19WYVL6Q6L5,si0vhg,impression,2023-04-21
OY5LNPB5A8FF43ITRZG3,upewg5,impression,2023-04-21
KD9PHCBGYFBRI9ET1O9R,zs5the,impression,2023-04-21
GXLKAA83238FVRU718EX,8xdtwu,impression,2023-04-21
8C88YB6E8YCGWU07HA7A,2uk6zv,impression,2023-04-21
OAGTYWN8WFC997VLDJH7,0t68sp,impression,2023-04-21
M0LU6DCI1WILGQBZ6808,tw2frc,impression,2023-04-21
LW045DVYSGRD75TK6U54,0d67kc,impression,2023-04-21
Y0W3K7OV6ZLILW96OO3K,bpwhmw,impression,2023-04-21
IOBPI63RBJIHI5FB7U9O,hgf40x,impression,2023-04-21
OAGTYWN8WFC997VLDJH7,pf9vuv,impression,2023-04-21
KD9PHCBGYFBRI9ET1O9R,ejenjm,impression,2023-04-21
Y0W3K7OV6ZLILW96OO3K,w1sbkn,impression,2023-04-21
P41C5HK4P2G5GFRMT6ZA,tnjo6b,impression,2023-04-21
K6Z0X85ZUY0TSF4RCG5J,usga8i,impression,2023-04-21
6X20RDH567MX2X3TXYJ7,5em4lz,impression,2023-04-21
OY5LNPB5A8FF43ITRZG3,3d8ere,impression,2023-04-21
M0LU6DCI1WILGQBZ6808,k5i4y9,impression,2023-04-21
LW045DVYSGRD75TK6U54,6dgx56,impression,2023-04-21
6X20RDH567MX2X3TXYJ7,lh3xv5,impression,2023-04-21
62FIK8F2YT8JSFDBLEC9,bb8g4l,impression,2023-04-21
8C88YB6E8YCGWU07HA7A,xou5ht,impression,2023-04-21
AK81O7W3KGPEN8LABG2N,0onu9d,impression,2023-04-21
AK81O7W3KGPEN8LABG2N,nd4e9p,impression,2023-04-21
Y0W3K7OV6ZLILW96OO3K,r52bi2,impression,2023-04-21
KD9PHCBGYFBRI9ET1O9R,qs3n4t,impression,2023-04-21
EN1SA43DTN2LIR8DEW5S,0zhiti,impression,2023-04-21
IOBPI63RBJIHI5FB7U9O,75xk5m,impression,2023-04-21
KD9PHCBGYFBRI9ET1O9R,4w7zdk,impression,2023-04-21
EN1SA43DTN2LIR8DEW5S,1qjtjq,impression,2023-04-21
2WPF1NXECF3G6NUMWDO7,llchj6,impression,2023-04-21
IOBPI63RBJIHI5FB7U9O,g3fl74,impression,2023-04-21
LTRZRCI4M19WYVL6Q6L5,dyok7q,impression,2023-04-21
P41C5HK4P2G5GFRMT6ZA,smr9z4,impression,2023-04-21
2WPF1NXECF3G6NUMWDO7,76qblo,impression,2023-04-21
2WPF1NXECF3G6NUMWDO7,y90z0f,impression,2023-04-21
5E325T5HYL61QSABVR5V,q26rdd,impression,2023-04-21
SOVPFK3BBWKTQM9HOHWJ,kyfsy6,impression,2023-04-21
GXLKAA83238FVRU718EX,l5hufx,impression,2023-04-21
IDOFCO721HTJGDH7332G,agncc0,impression,2023-04-21
KD9PHCBGYFBRI9ET1O9R,1ldory,impression,2023-04-21
8C88YB6E8YCGWU07HA7A,snjsrv,impression,2023-04-21
5E325T5HYL61QSABVR5V,bngzct,impression,2023-04-21
AK81O7W3KGPEN8LABG2N,fl2w1e,impression,2023-04-21
M0LU6DCI1WILGQBZ6808,5zmptw,impression,2023-04-21
LTRZRCI4M19WYVL6Q6L5,ndhwyv,impression,2023-04-21
6X20RDH567MX2X3TXYJ7,ps28xa,impression,2023-04-21
2WPF1NXECF3G6NUMWDO7,k42dsg,impression,2023-04-21
6X20RDH567MX2X3TXYJ7,r1wr9m,impression,2023-04-21
KD9PHCBGYFBRI9ET1O9R,ejenjm,impression,2023-04-21
M0LU6DCI1WILGQBZ6808,35qfbq,impression,2023-04-21
KD9PHCBGYFBRI9ET1O9R,nwghhs,impression,2023-04-21
M0LU6DCI1WILGQBZ6808,7rh4yt,impression,2023-04-21
SOVPFK3BBWKTQM9HOHWJ,r5kktm,impression,2023-04-21
OAGTYWN8WFC997VLDJH7,0t68sp,impression,2023-04-21
2WPF1NXECF3G6NUMWDO7,4vcn5d,impression,2023-04-21
6X20RDH567MX2X3TXYJ7,udfm3t,impression,2023-04-21
GXLKAA83238FVRU718EX,a8b53b,impression,2023-04-21
IDOFCO721HTJGDH7332G,o4gudb,impression,2023-04-21
KD9PHCBGYFBRI9ET1O9R,uxmfa5,impression,2023-04-21
6X20RDH567MX2X3TXYJ7,wne0jt,impression,2023-04-21
OAGTYWN8WFC997VLDJH7,ocsvy4,impression,2023-04-21
Y0W3K7OV6ZLILW96OO3K,2se51h,impression,2023-04-21
KD9PHCBGYFBRI9ET1O9R,uiaa95,impression,2023-04-21
8C88YB6E8YCGWU07HA7A,38pb7s,impression,2023-04-21
K6Z0X85ZUY0TSF4RCG5J,gtvv74,impression,2023-04-21
8C88YB6E8YCGWU07HA7A,a9ml21,impression,2023-04-21
LTRZRCI4M19WYVL6Q6L5,kgg55i,impression,2023-04-21
SOVPFK3BBWKTQM9HOHWJ,7naikd,impression,2023-04-21
62FIK8F2YT8JSFDBLEC9,gfm43z,impression,2023-04-21
Y0W3K7OV6ZLILW96OO3K,vhz6td,impression,2023-04-21
M0LU6DCI1WILGQBZ6808,8tte7t,impression,2023-04-21
KD9PHCBGYFBRI9ET1O9R,x5imtg,impression,2023-04-21
62FIK8F2YT8JSFDBLEC9,3p7hn3,impression,2023-04-21
KD9PHCBGYFBRI9ET1O9R,zs5the,impression,2023-04-21
SOVPFK3BBWKTQM9HOHWJ,6qe0ua,impression,2023-04-21
Y0W3K7OV6ZLILW96OO3K,1vk9yp,impression,2023-04-21
M0LU6DCI1WILGQBZ6808,2p4plx,impression,2023-04-21
OY5LNPB5A8FF43ITRZG3,8rs9aj,impression,2023-04-21
OY5LNPB5A8FF43ITRZG3,8rs9aj,impression,2023-04-21
M0LU6DCI1WILGQBZ6808,02uw1c,impression,2023-04-21
KD9PHCBGYFBRI9ET1O9R,btwj3e,impression,2023-04-21
GXLKAA83238FVRU718EX,qsqf9m,impression,2023-04-21
6X20RDH567MX2X3TXYJ7,l17yr6,impression,2023-04-21
LTRZRCI4M19WYVL6Q6L5,rrzymc,impression,2023-04-21
8C88YB6E8YCGWU07HA7A,rk9x1r,impression,2023-04-21
2WPF1NXECF3G6NUMWDO7,0ab8ts,impression,2023-04-21
M0LU6DCI1WILGQBZ6808,w8vn3a,impression,2023-04-21
LW045DVYSGRD75TK6U54,6xse45,impression,2023-04-21
6X20RDH567MX2X3TXYJ7,gtpmkl,impression,2023-04-21
IOBPI63RBJIHI5FB7U9O,rlapdt,impression,2023-04-21
LW045DVYSGRD75TK6U54,a79i17,impression,2023-04-21
P41C5HK4P2G5GFRMT6ZA,nv51ct,impression,2023-04-21
5E325T5HYL61QSABVR5V,eu119b,impression,2023-04-21
IDOFCO721HTJGDH7332G,2qicpc,impression,2023-04-21
GXLKAA83238FVRU718EX,93w9f6,impression,2023-04-21
IOBPI63RBJIHI5FB7U9O,qxogco,impression,2023-04-21
LW045DVYSGRD75TK6U54,laqfl1,impression,2023-04-21
LW045DVYSGRD75TK6U54,nnbet1,impression,2023-04-21
Y0W3K7OV6ZLILW96OO3K,qheqet,impression,2023-04-21
62FIK8F2YT8JSFDBLEC9,vxmpew,impression,2023-04-21
OAGTYWN8WFC997VLDJH7,qnzwqb,impression,2023-04-21
M0LU6DCI1WILGQBZ6808,gbdk4r,impression,2023-04-21
AK81O7W3KGPEN8LABG2N,16d08n,impression,2023-04-21
OAGTYWN8WFC997VLDJH7,zw5uig,impression,2023-04-21
EN1SA43DTN2LIR8DEW5S,7sqw8f,impression,2023-04-21
K6Z0X85ZUY0TSF4RCG5J,0hzpqs,impression,2023-04-21
Y0W3K7OV6ZLILW96OO3K,ehvtdo,impression,2023-04-21
IDOFCO721HTJGDH7332G,ca81hb,impression,2023-04-21
Y0W3K7OV6ZLILW96OO3K,m16in7,impression,2023-04-21
6X20RDH567MX2X3TXYJ7,09wz8d,impression,2023-04-21
AK81O7W3KGPEN8LABG2N,s4bis2,impression,2023-04-21
EN1SA43DTN2LIR8DEW5S,hnz5pu,impression,2023-04-21
GXLKAA83238FVRU718EX,z2ymwq,impression,2023-04-21
EN1SA43DTN2LIR8DEW5S,svowxw,impression,2023-04-21
Y0W3K7OV6ZLILW96OO3K,51i3ex,impression,2023-04-21
2WPF1NXECF3G6NUMWDO7,l9vc79,impression,2023-04-21
6X20RDH567MX2X3TXYJ7,vuispu,impression,2023-04-21
LTRZRCI4M19WYVL6Q6L5,d2fb4c,impression,2023-04-21
OY5LNPB5A8FF43ITRZG3,trnrdp,impression,2023-04-21
SOVPFK3BBWKTQM9HOHWJ,xsdcyh,impression,2023-04-21
8C88YB6E8YCGWU07HA7A,awvia8,impression,2023-04-21
AK81O7W3KGPEN8LABG2N,ib5gq3,impression,2023-04-21
SOVPFK3BBWKTQM9HOHWJ,d9o4jq,impression,2023-04-21
AK81O7W3KGPEN8LABG2N,9qi58g,impression,2023-04-21
KD9PHCBGYFBRI9ET1O9R,kiiln1,impression,2023-04-21
8C88YB6E8YCGWU07HA7A,zx16wg,impression,2023-04-21
P41C5HK4P2G5GFRMT6ZA,oyqa0w,impression,2023-04-21
8C88YB6E8YCGWU07HA7A,p248ae,impression,2023-04-21
8C88YB6E8YCGWU07HA7A,unjs1p,impression,2023-04-21
K6Z0X85ZUY0TSF4RCG5J,33n7yp,impression,2023-04-21
8C88YB6E8YCGWU07HA7A,9m5cwq,impression,2023-04-21
K6Z0X85ZUY0TSF4RCG5J,h4bstm,impression,2023-04-21
AK81O7W3KGPEN8LABG2N,cymyfg,impression,2023-04-21
IOBPI63RBJIHI5FB7U9O,exnzpb,impression,2023-04-21
P41C5HK4P2G5GFRMT6ZA,zejm0f,impression,2023-04-21
OAGTYWN8WFC997VLDJH7,ifycvc,impression,2023-04-21
IDOFCO721HTJGDH7332G,agqto0,impression,2023-04-21
LTRZRCI4M19WYVL6Q6L5,j2c17a,impression,2023-04-21
6X20RDH567MX2X3TXYJ7,vbx43n,impression,2023-04-21
KD9PHCBGYFBRI9ET1O9R,5ltfx0,impression,2023-04-21
LTRZRCI4M19WYVL6Q6L5,0vzr7h,impression,2023-04-21
K6Z0X85ZUY0TSF4RCG5J,g1qpey,impression,2023-04-21
OY5LNPB5A8FF43ITRZG3,q4kg7l,impression,2023-04-21
EN1SA43DTN2LIR8DEW5S,imiqo0,impression,2023-04-21
LW045DVYSGRD75TK6U54,c4r740,impression,2023-04-21
62FIK8F2YT8JSFDBLEC9,96q9i1,impression,2023-04-21
P41C5HK4P2G5GFRMT6ZA,h83rnp,impression,2023-04-21
2WPF1NXECF3G6NUMWDO7,edgawy,impression,2023-04-21
P41C5HK4P2G5GFRMT6ZA,cch1h2,impression,2023-04-21
IDOFCO721HTJGDH7332G,m0rky3,impression,2023-04-21
IDOFCO721HTJGDH7332G,ie4va8,impression,2023-04-21
62FIK8F2YT8JSFDBLEC9,aoaexj,impression,2023-04-21
SOVPFK3BBWKTQM9HOHWJ,ucv3qk,impression,2023-04-21
K6Z0X85ZUY0TSF4RCG5J,wna3tf,impression,2023-04-21
P41C5HK4P2G5GFRMT6ZA,h83rnp,impression,2023-04-21
LW045DVYSGRD75TK6U54,mpu23e,impression,2023-04-21
EN1SA43DTN2LIR8DEW5S,xq9jhg,impression,2023-04-21
6X20RDH567MX2X3TXYJ7,492rog,impression,2023-04-21
6X20RDH567MX2X3TXYJ7,64bvrl,impression,2023-04-21
LW045DVYSGRD75TK6U54,fdu1g4,impression,2023-04-21
8C88YB6E8YCGWU07HA7A,rk9x1r,impression,2023-04-21
KD9PHCBGYFBRI9ET1O9R,x7kdh3,click,2023-04-21
GXLKAA83238FVRU718EX,zyw0gw,impression,2023-04-21
AK81O7W3KGPEN8LABG2N,wxfhf3,impression,2023-04-21
AK81O7W3KGPEN8LABG2N,gjlqc7,impression,2023-04-21
6X20RDH567MX2X3TXYJ7,u8yvt5,impression,2023-04-21
Y0W3K7OV6ZLILW96OO3K,d56cw4,impression,2023-04-21
62FIK8F2YT8JSFDBLEC9,7qcwsx,impression,2023-04-21
M0LU6DCI1WILGQBZ6808,w8vn3a,impression,2023-04-21
Y0W3K7OV6ZLILW96OO3K,m16in7,impression,2023-04-21
M0LU6DCI1WILGQBZ6808,2gm66p,impression,2023-04-21
LW045DVYSGRD75TK6U54,0d67kc,impression,2023-04-21
AK81O7W3KGPEN8LABG2N,25pad1,impression,2023-04-21
62FIK8F2YT8JSFDBLEC9,hpcac6,impression,2023-04-21
KD9PHCBGYFBRI9ET1O9R,uldf63,impression,2023-04-21
8C88YB6E8YCGWU07HA7A,zx16wg,impression,2023-04-21
LTRZRCI4M19WYVL6Q6L5,dyok7q,impression,2023-04-21
IOBPI63RBJIHI5FB7U9O,xgnop9,impression,2023-04-21
M0LU6DCI1WILGQBZ6808,hbgtsn,impression,2023-04-21
SOVPFK3BBWKTQM9HOHWJ,5yhh1q,impression,2023-04-21
Y0W3K7OV6ZLILW96OO3K,8b62hz,impression,2023-04-21
OY5LNPB5A8FF43ITRZG3,92pvye,impression,2023-04-21
OAGTYWN8WFC997VLDJH7,jsvsqz,impression,2023-04-21
IDOFCO721HTJGDH7332G,yg60xf,impression,2023-04-21
62FIK8F2YT8JSFDBLEC9,zknl8g,impression,2023-04-21
IOBPI63RBJIHI5FB7U9O,so3caa,impression,2023-04-21
5E325T5HYL61QSABVR5V,6aemte,impression,2023-04-21
K6Z0X85ZUY0TSF4RCG5J,qrga62,impression,2023-04-21
OAGTYWN8WFC997VLDJH7,jry76r,impression,2023-04-21
IDOFCO721HTJGDH7332G,pqp6gv,impression,2023-04-21
OY5LNPB5A8FF43ITRZG3,v0toqe,impression,2023-04-21
OAGTYWN8WFC997VLDJH7,jsvsqz,impression,2023-04-21
8C88YB6E8YCGWU07HA7A,k3sixh,impression,2023-04-21
62FIK8F2YT8JSFDBLEC9,bb8g4l,impression,2023-04-21
P41C5HK4P2G5GFRMT6ZA,9bb0uz,impression,2023-04-21
2WPF1NXECF3G6NUMWDO7,boj69r,impression,2023-04-21
SOVPFK3BBWKTQM9HOHWJ,nk3vzw,impression,2023-04-21
IOBPI63RBJIHI5FB7U9O,9s6jgm,impression,2023-04-21
5E325T5HYL61QSABVR5V,338ia6,impression,2023-04-21
Y0W3K7OV6ZLILW96OO3K,zwlkct,impression,2023-04-21
5E325T5HYL61QSABVR5V,ea8b1r,impression,2023-04-21
M0LU6DCI1WILGQBZ6808,dyqi0m,impression,2023-04-21
OY5LNPB5A8FF43ITRZG3,bctjye,impression,2023-04-21
AK81O7W3KGPEN8LABG2N,x6pfa6,impression,2023-04-21
AK81O7W3KGPEN8LABG2N,bi3by6,impression,2023-04-21
KD9PHCBGYFBRI9ET1O9R,aqaojj,impression,2023-04-21
LTRZRCI4M19WYVL6Q6L5,5iqzzt,impression,2023-04-21
OY5LNPB5A8FF43ITRZG3,cgfqab,click,2023-04-21
LTRZRCI4M19WYVL6Q6L5,ob2mjs,impression,2023-04-21
M0LU6DCI1WILGQBZ6808,2p4plx,impression,2023-04-21
EN1SA43DTN2LIR8DEW5S,mdacbq,impression,2023-04-21
8C88YB6E8YCGWU07HA7A,5flymj,impression,2023-04-21
IOBPI63RBJIHI5FB7U9O,k6g4m3,impression,2023-04-21
Y0W3K7OV6ZLILW96OO3K,07k41h,impression,2023-04-21
62FIK8F2YT8JSFDBLEC9,xgo54p,impression,2023-04-21
AK81O7W3KGPEN8LABG2N,0onu9d,impression,2023-04-21
KD9PHCBGYFBRI9ET1O9R,strtys,impression,2023-04-21
Y0W3K7OV6ZLILW96OO3K,ooh7mr,impression,2023-04-21
SOVPFK3BBWKTQM9HOHWJ,di0clo,impression,2023-04-21
2WPF1NXECF3G6NUMWDO7,o7ci77,impression,2023-04-21
Y0W3K7OV6ZLILW96OO3K,d56cw4,impression,2023-04-21
SOVPFK3BBWKTQM9HOHWJ,7a0qya,impression,2023-04-21
P41C5HK4P2G5GFRMT6ZA,y1gdyg,impression,2023-04-21
2WPF1NXECF3G6NUMWDO7,khdrbo,impression,2023-04-21
SOVPFK3BBWKTQM9HOHWJ,vwkgu5,impression,2023-04-21
OY5LNPB5A8FF43ITRZG3,cgjpij,impression,2023-04-21
OY5LNPB5A8FF43ITRZG3,2n3qcq,impression,2023-04-21
OAGTYWN8WFC997VLDJH7,gi4frf,impression,2023-04-21
KD9PHCBGYFBRI9ET1O9R,d44vup,impression,2023-04-21
2WPF1NXECF3G6NUMWDO7,wpc7fg,impression,2023-04-21
M0LU6DCI1WILGQBZ6808,xti7at,impression,2023-04-21
AK81O7W3KGPEN8LABG2N,9qi58g,impression,2023-04-21
IOBPI63RBJIHI5FB7U9O,qmqjq5,impression,2023-04-21
OAGTYWN8WFC997VLDJH7,v7r37j,impression,2023-04-21
62FIK8F2YT8JSFDBLEC9,ax6510,impression,2023-04-21
Y0W3K7OV6ZLILW96OO3K,ur643h,impression,2023-04-21
5E325T5HYL61QSABVR5V,u981g8,impression,2023-04-21
8C88YB6E8YCGWU07HA7A,a9zk9m,impression,2023-04-21
LW045DVYSGRD75TK6U54,1fkls5,impression,2023-04-21
K6Z0X85ZUY0TSF4RCG5J,figbtq,impression,2023-04-21
OAGTYWN8WFC997VLDJH7,gofcdz,impression,2023-04-21
IOBPI63RBJIHI5FB7U9O,u0g3hp,impression,2023-04-21
IDOFCO721HTJGDH7332G,2342mk,impression,2023-04-21
AK81O7W3KGPEN8LABG2N,8wblj5,impression,2023-04-21
6X20RDH567MX2X3TXYJ7,w0gxod,impression,2023-04-21
IDOFCO721HTJGDH7332G,omtlud,impression,2023-04-21
IDOFCO721HTJGDH7332G,4ba2ub,impression,2023-04-21
OAGTYWN8WFC997VLDJH7,lfgwfp,impression,2023-04-21
8C88YB6E8YCGWU07HA7A,d48ay8,impression,2023-04-21
OAGTYWN8WFC997VLDJH7,cvqv40,impression,2023-04-21
SOVPFK3BBWKTQM9HOHWJ,gohfhc,impression,2023-04-21
2WPF1NXECF3G6NUMWDO7,5da8p6,impression,2023-04-21
8C88YB6E8YCGWU07HA7A,unjs1p,impression,2023-04-21
6X20RDH567MX2X3TXYJ7,ryjlc8,impression,2023-04-21
AK81O7W3KGPEN8LABG2N,uxvokm,impression,2023-04-21
IDOFCO721HTJGDH7332G,gc94lj,impression,2023-04-21
8C88YB6E8YCGWU07HA7A,yxyi6f,impression,2023-04-21
LW045DVYSGRD75TK6U54,a79i17,impression,2023-04-21
2WPF1NXECF3G6NUMWDO7,tryx34,impression,2023-04-21
62FIK8F2YT8JSFDBLEC9,nsgvlc,impression,2023-04-21
GXLKAA83238FVRU718EX,qh2llz,impression,2023-04-21
Y0W3K7OV6ZLILW96OO3K,v0bao7,impression,2023-04-21
K6Z0X85ZUY0TSF4RCG5J,vwenyn,impression,2023-04-21
GXLKAA83238FVRU718EX,4lx5s2,impression,2023-04-21
OY5LNPB5A8FF43ITRZG3,12jkgc,impression,2023-04-21
IDOFCO721HTJGDH7332G,gufjy0,impression,2023-04-21
P41C5HK4P2G5GFRMT6ZA,ac8wik,impression,2023-04-21
6X20RDH567MX2X3TXYJ7,y18sqy,impression,2023-04-21
5E325T5HYL61QSABVR5V,i8pzqi,impression,2023-04-21
GXLKAA83238FVRU718EX,atuwe1,impression,2023-04-21
P41C5HK4P2G5GFRMT6ZA,p4xxbn,impression,2023-04-21
OY5LNPB5A8FF43ITRZG3,04sih7,impression,2023-04-21
6X20RDH567MX2X3TXYJ7,z2aszi,impression,2023-04-21
2WPF1NXECF3G6NUMWDO7,kph3tq,impression,2023-04-21
OY5LNPB5A8FF43ITRZG3,ryqzzg,impression,2023-04-21
LW045DVYSGRD75TK6U54,kwznhy,impression,2023-04-21
LW045DVYSGRD75TK6U54,qh2wcm,impression,2023-04-21
IDOFCO721HTJGDH7332G,j6bcb7,click,2023-04-21
62FIK8F2YT8JSFDBLEC9,ndfasj,impression,2023-04-21
GXLKAA83238FVRU718EX,5kdmbv,impression,2023-04-21
K6Z0X85ZUY0TSF4RCG5J,cx1wem,impression,2023-04-21
AK81O7W3KGPEN8LABG2N,fl2w1e,impression,2023-04-21
AK81O7W3KGPEN8LABG2N,0i9a42,impression,2023-04-21
IOBPI63RBJIHI5FB7U9O,4p3kgz,impression,2023-04-21
LTRZRCI4M19WYVL6Q6L5,687gj1,impression,2023-04-21
IDOFCO721HTJGDH7332G,df0axo,impression,2023-04-21
KD9PHCBGYFBRI9ET1O9R,0f1rc1,impression,2023-04-21
OAGTYWN8WFC997VLDJH7,zlknd0,impression,2023-04-21
62FIK8F2YT8JSFDBLEC9,wqd44x,impression,2023-04-21
OAGTYWN8WFC997VLDJH7,mrti6i,impression,2023-04-21
OAGTYWN8WFC997VLDJH7,iwxu5y,impression,2023-04-21
AK81O7W3KGPEN8LABG2N,uxvokm,impression,2023-04-21
KD9PHCBGYFBRI9ET1O9R,75nof5,impression,2023-04-21
5E325T5HYL61QSABVR5V,z2d3rw,impression,2023-04-21
KD9PHCBGYFBRI9ET1O9R,qrg765,impression,2023-04-21
GXLKAA83238FVRU718EX,6ut1bp,impression,2023-04-21
6X20RDH567MX2X3TXYJ7,vt53rf,impression,2023-04-21
IOBPI63RBJIHI5FB7U9O,qxogco,impression,2023-04-21
62FIK8F2YT8JSFDBLEC9,lfonu9,impression,2023-04-21
AK81O7W3KGPEN8LABG2N,c9o9ch,impression,2023-04-21
GXLKAA83238FVRU718EX,op2uum,impression,2023-04-21
OY5LNPB5A8FF43ITRZG3,upewg5,impression,2023-04-21
SOVPFK3BBWKTQM9HOHWJ,od5jjq,impression,2023-04-21
GXLKAA83238FVRU718EX,6iujcs,impression,2023-04-21
62FIK8F2YT8JSFDBLEC9,hpcac6,impression,2023-04-21
P41C5HK4P2G5GFRMT6ZA,uxsaoq,impression,2023-04-21
SOVPFK3BBWKTQM9HOHWJ,pqu6t5,impression,2023-04-21
GXLKAA83238FVRU718EX,op2uum,impression,2023-04-21
IOBPI63RBJIHI5FB7U9O,cetin8,impression,2023-04-21
IDOFCO721HTJGDH7332G,s6y0a5,impression,2023-04-21
8C88YB6E8YCGWU07HA7A,d11oz6,impression,2023-04-21
LTRZRCI4M19WYVL6Q6L5,glfx55,impression,2023-04-21
EN1SA43DTN2LIR8DEW5S,aqnikq,impression,2023-04-21
LW045DVYSGRD75TK6U54,6xse45,impression,2023-04-21
IDOFCO721HTJGDH7332G,5jucyv,impression,2023-04-21
LW045DVYSGRD75TK6U54,9aj0wp,impression,2023-04-21
M0LU6DCI1WILGQBZ6808,j0s43o,impression,2023-04-21
62FIK8F2YT8JSFDBLEC9,4bmxt1,impression,2023-04-21
EN1SA43DTN2LIR8DEW5S,71fmnt,impression,2023-04-21
5E325T5HYL61QSABVR5V,f8m4m5,impression,2023-04-21
K6Z0X85ZUY0TSF4RCG5J,0jm8ag,impression,2023-04-21
LTRZRCI4M19WYVL6Q6L5,5pkkp2,impression,2023-04-21
Y0W3K7OV6ZLILW96OO3K,m16in7,impression,2023-04-21
6X20RDH567MX2X3TXYJ7,nbw6wl,impression,2023-04-21
EN1SA43DTN2LIR8DEW5S,6jn2gv,impression,2023-04-21
8C88YB6E8YCGWU07HA7A,obupi3,impression,2023-04-21
Y0W3K7OV6ZLILW96OO3K,bpwhmw,impression,2023-04-21
5E325T5HYL61QSABVR5V,hn0hm2,impression,2023-04-21
K6Z0X85ZUY0TSF4RCG5J,z6kjfm,impression,2023-04-21
IOBPI63RBJIHI5FB7U9O,ghqvpz,impression,2023-04-21
5E325T5HYL61QSABVR5V,apgv0b,impression,2023-04-21
P41C5HK4P2G5GFRMT6ZA,mzbfb0,impression,2023-04-21
LW045DVYSGRD75TK6U54,qvwvkh,impression,2023-04-21
K6Z0X85ZUY0TSF4RCG5J,dbufjm,impression,2023-04-21
Y0W3K7OV6ZLILW96OO3K,spc9vb,impression,2023-04-21
IDOFCO721HTJGDH7332G,pbooeb,impression,2023-04-21
IDOFCO721HTJGDH7332G,xej38p,impression,2023-04-21
8C88YB6E8YCGWU07HA7A,unjs1p,impression,2023-04-21
LW045DVYSGRD75TK6U54,cvmtux,impression,2023-04-21
LW045DVYSGRD75TK6U54,x8p4un,impression,2023-04-21
6X20RDH567MX2X3TXYJ7,p8i4hs,impression,2023-04-21
5E325T5HYL61QSABVR5V,apgv0b,impression,2023-04-21
SOVPFK3BBWKTQM9HOHWJ,wm7aon,impression,2023-04-21
AK81O7W3KGPEN8LABG2N,ggvdmx,impression,2023-04-21
GXLKAA83238FVRU718EX,6ut1bp,impression,2023-04-21
8C88YB6E8YCGWU07HA7A,awvia8,impression,2023-04-21
IDOFCO721HTJGDH7332G,8ygz1p,impression,2023-04-21
IDOFCO721HTJGDH7332G,pbooeb,impression,2023-04-21
KD9PHCBGYFBRI9ET1O9R,axbvp3,impression,2023-04-21
LW045DVYSGRD75TK6U54,wepa0m,impression,2023-04-21
KD9PHCBGYFBRI9ET1O9R,uldf63,impression,2023-04-21
SOVPFK3BBWKTQM9HOHWJ,v35gor,impression,2023-04-21
KD9PHCBGYFBRI9ET1O9R,tdkki8,impression,2023-04-21
GXLKAA83238FVRU718EX,zyw0gw,impression,2023-04-21
LW045DVYSGRD75TK6U54,v7otvw,impression,2023-04-21
IOBPI63RBJIHI5FB7U9O,op0unf,click,2023-04-21
8C88YB6E8YCGWU07HA7A,tg4q6t,impression,2023-04-21
KD9PHCBGYFBRI9ET1O9R,30ofzs,impression,2023-04-21
LW045DVYSGRD75TK6U54,eqx1ux,impression,2023-04-21
AK81O7W3KGPEN8LABG2N,k0b70v,impression,2023-04-21
GXLKAA83238FVRU718EX,6iujcs,impression,2023-04-21
8C88YB6E8YCGWU07HA7A,snjsrv,impression,2023-04-21
LW045DVYSGRD75TK6U54,27p5ao,impression,2023-04-21
LTRZRCI4M19WYVL6Q6L5,0xmaan,impression,2023-04-21
8C88YB6E8YCGWU07HA7A,17izpo,impression,2023-04-21
LW045DVYSGRD75TK6U54,raph8n,impression,2023-04-21
5E325T5HYL61QSABVR5V,zevf5q,impression,2023-04-21
62FIK8F2YT8JSFDBLEC9,c98fl5,impression,2023-04-21
2WPF1NXECF3G6NUMWDO7,76qblo,impression,2023-04-21
EN1SA43DTN2LIR8DEW5S,gzut0j,impression,2023-04-21
GXLKAA83238FVRU718EX,gcyo32,impression,2023-04-21
P41C5HK4P2G5GFRMT6ZA,mk6vuv,impression,2023-04-21
KD9PHCBGYFBRI9ET1O9R,u46fl3,impression,2023-04-21
OAGTYWN8WFC997VLDJH7,btoas7,impression,2023-04-21
IOBPI63RBJIHI5FB7U9O,pvfsnl,impression,2023-04-21
6X20RDH567MX2X3TXYJ7,5kz5pb,impression,2023-04-21
AK81O7W3KGPEN8LABG2N,0i9a42,impression,2023-04-21
SOVPFK3BBWKTQM9HOHWJ,h73y2m,impression,2023-04-21
SOVPFK3BBWKTQM9HOHWJ,wrgyrp,impression,2023-04-21
62FIK8F2YT8JSFDBLEC9,jpmrdx,impression,2023-04-21
IOBPI63RBJIHI5FB7U9O,4keuhp,impression,2023-04-21
LTRZRCI4M19WYVL6Q6L5,0vzr7h,impression,2023-04-21
LW045DVYSGRD75TK6U54,ef32yv,impression,2023-04-21
62FIK8F2YT8JSFDBLEC9,rysfqv,impression,2023-04-21
IOBPI63RBJIHI5FB7U9O,72e32j,impression,2023-04-21
2WPF1NXECF3G6NUMWDO7,02qhao,impression,2023-04-21
KD9PHCBGYFBRI9ET1O9R,3c491c,impression,2023-04-21
OY5LNPB5A8FF43ITRZG3,fxzu1x,impression,2023-04-21
IOBPI63RBJIHI5FB7U9O,662vg6,impression,2023-04-21
OAGTYWN8WFC997VLDJH7,jsvsqz,impression,2023-04-21
LTRZRCI4M19WYVL6Q6L5,si0vhg,impression,2023-04-21
IDOFCO721HTJGDH7332G,8211cf,impression,2023-04-21
IOBPI63RBJIHI5FB7U9O,27ndez,impression,2023-04-21
IOBPI63RBJIHI5FB7U9O,4p3kgz,impression,2023-04-21
AK81O7W3KGPEN8LABG2N,65qped,impression,2023-04-21
Y0W3K7OV6ZLILW96OO3K,x699tk,impression,2023-04-21
62FIK8F2YT8JSFDBLEC9,bb8g4l,impression,2023-04-21
8C88YB6E8YCGWU07HA7A,8up2lx,impression,2023-04-21
EN1SA43DTN2LIR8DEW5S,jmzzyu,impression,2023-04-21
IOBPI63RBJIHI5FB7U9O,ghqvpz,impression,2023-04-21
AK81O7W3KGPEN8LABG2N,fs0rto,impression,2023-04-21
LW045DVYSGRD75TK6U54,yd2pit,impression,2023-04-21
KD9PHCBGYFBRI9ET1O9R,uphsul,impression,2023-04-21
K6Z0X85ZUY0TSF4RCG5J,a2hdle,impression,2023-04-21
P41C5HK4P2G5GFRMT6ZA,hix3q8,click,2023-04-21
Y0W3K7OV6ZLILW96OO3K,1pwmad,impression,2023-04-21
K6Z0X85ZUY0TSF4RCG5J,ltmg8n,impression,2023-04-21
IDOFCO721HTJGDH7332G,g1ftw1,impression,2023-04-21
Y0W3K7OV6ZLILW96OO3K,bogyxf,impression,2023-04-21
AK81O7W3KGPEN8LABG2N,fl2w1e,impression,2023-04-21
6X20RDH567MX2X3TXYJ7,r3u99h,impression,2023-04-21
M0LU6DCI1WILGQBZ6808,3zyuqy,impression,2023-04-21
8C88YB6E8YCGWU07HA7A,2uk6zv,impression,2023-04-21
OY5LNPB5A8FF43ITRZG3,2m009y,impression,2023-04-21
K6Z0X85ZUY0TSF4RCG5J,rh19rz,impression,2023-04-21
LW045DVYSGRD75TK6U54,k4gky9,impression,2023-04-21
AK81O7W3KGPEN8LABG2N,z403rg,impression,2023-04-21
OY5LNPB5A8FF43ITRZG3,mou8on,impression,2023-04-21
KD9PHCBGYFBRI9ET1O9R,cs6bff,impression,2023-04-21
M0LU6DCI1WILGQBZ6808,kc722i,impression,2023-04-21
M0LU6DCI1WILGQBZ6808,i17cdl,impression,2023-04-21
OAGTYWN8WFC997VLDJH7,145zo0,impression,2023-04-21
OAGTYWN8WFC997VLDJH7,6b2wh4,impression,2023-04-21
8C88YB6E8YCGWU07HA7A,6l68xj,impression,2023-04-21
P41C5HK4P2G5GFRMT6ZA,6f3rlh,impression,2023-04-21
P41C5HK4P2G5GFRMT6ZA,bwta6a,impression,2023-04-21
OAGTYWN8WFC997VLDJH7,zhldur,impression,2023-04-21
SOVPFK3BBWKTQM9HOHWJ,wexuvi,impression,2023-04-21
IOBPI63RBJIHI5FB7U9O,2x8nlk,impression,2023-04-21
62FIK8F2YT8JSFDBLEC9,7qcwsx,impression,2023-04-21
62FIK8F2YT8JSFDBLEC9,58v5ue,impression,2023-04-21
OY5LNPB5A8FF43ITRZG3,zeahj9,impression,2023-04-21
IOBPI63RBJIHI5FB7U9O,rlapdt,impression,2023-04-21
AK81O7W3KGPEN8LABG2N,nhqium,impression,2023-04-21
LW045DVYSGRD75TK6U54,kus71a,impression,2023-04-21
K6Z0X85ZUY0TSF4RCG5J,nfuf66,impression,2023-04-21
AK81O7W3KGPEN8LABG2N,trjw9j,impression,2023-04-21
SOVPFK3BBWKTQM9HOHWJ,qgmxv8,impression,2023-04-21
K6Z0X85ZUY0TSF4RCG5J,6va8b2,impression,2023-04-21
Y0W3K7OV6ZLILW96OO3K,6e678y,impression,2023-04-21
2WPF1NXECF3G6NUMWDO7,01zyyp,impression,2023-04-21
LW045DVYSGRD75TK6U54,yd2pit,impression,2023-04-21
OAGTYWN8WFC997VLDJH7,ebkpkd,impression,2023-04-21
P41C5HK4P2G5GFRMT6ZA,elbbze,impression,2023-04-21
LW045DVYSGRD75TK6U54,a4wnvg,impression,2023-04-21
AK81O7W3KGPEN8LABG2N,zcc0bo,impression,2023-04-21
IDOFCO721HTJGDH7332G,z7nbhq,impression,2023-04-21
LW045DVYSGRD75TK6U54,1zzdmb,impression,2023-04-21
8C88YB6E8YCGWU07HA7A,edap34,impression,2023-04-21
2WPF1NXECF3G6NUMWDO7,c1ah0e,impression,2023-04-21
KD9PHCBGYFBRI9ET1O9R,n5lo5p,click,2023-04-21
GXLKAA83238FVRU718EX,q795h3,impression,2023-04-21
LW045DVYSGRD75TK6U54,k4gky9,impression,2023-04-21
2WPF1NXECF3G6NUMWDO7,dwknv4,impression,2023-04-21
LTRZRCI4M19WYVL6Q6L5,ktetke,impression,2023-04-21
OY5LNPB5A8FF43ITRZG3,3ruchi,impression,2023-04-21
GXLKAA83238FVRU718EX,k5uov7,impression,2023-04-21
OY5LNPB5A8FF43ITRZG3,tge35y,impression,2023-04-21
OY5LNPB5A8FF43ITRZG3,9dr66m,impression,2023-04-21
62FIK8F2YT8JSFDBLEC9,nsgvlc,impression,2023-04-21
OAGTYWN8WFC997VLDJH7,89cf8m,impression,2023-04-21
8C88YB6E8YCGWU07HA7A,k3sixh,impression,2023-04-21
LTRZRCI4M19WYVL6Q6L5,8zg183,impression,2023-04-21
LTRZRCI4M19WYVL6Q6L5,pm4cdn,impression,2023-04-21
Y0W3K7OV6ZLILW96OO3K,1vk9yp,impression,2023-04-21
KD9PHCBGYFBRI9ET1O9R,tssbie,impression,2023-04-21
OAGTYWN8WFC997VLDJH7,tokws4,impression,2023-04-21
LW045DVYSGRD75TK6U54,nd6h69,impression,2023-04-21
SOVPFK3BBWKTQM9HOHWJ,ucv3qk,impression,2023-04-21
2WPF1NXECF3G6NUMWDO7,f4xppw,impression,2023-04-21
KD9PHCBGYFBRI9ET1O9R,53bhx9,impression,2023-04-21
GXLKAA83238FVRU718EX,wjq82o,impression,2023-04-21
IOBPI63RBJIHI5FB7U9O,dqfj5c,impression,2023-04-21
AK81O7W3KGPEN8LABG2N,qe9btr,impression,2023-04-21
OY5LNPB5A8FF43ITRZG3,zeahj9,impression,2023-04-21
OAGTYWN8WFC997VLDJH7,jry76r,impression,2023-04-21
GXLKAA83238FVRU718EX,2n88nw,impression,2023-04-21
GXLKAA83238FVRU718EX,gk83o1,impression,2023-04-21
SOVPFK3BBWKTQM9HOHWJ,mmmzn4,impression,2023-04-21
Y0W3K7OV6ZLILW96OO3K,qnm5qd,impression,2023-04-21
62FIK8F2YT8JSFDBLEC9,dcmlrl,impression,2023-04-21
KD9PHCBGYFBRI9ET1O9R,qxz53k,impression,2023-04-21
GXLKAA83238FVRU718EX,bs8hf7,impression,2023-04-21
P41C5HK4P2G5GFRMT6ZA,n8tybl,impression,2023-04-21
SOVPFK3BBWKTQM9HOHWJ,p1qasw,impression,2023-04-21
8C88YB6E8YCGWU07HA7A,snjsrv,impression,2023-04-21
LW045DVYSGRD75TK6U54,c4r740,impression,2023-04-21
62FIK8F2YT8JSFDBLEC9,ijv7b1,impression,2023-04-21
OY5LNPB5A8FF43ITRZG3,ifz78q,impression,2023-04-21
LW045DVYSGRD75TK6U54,qvwvkh,impression,2023-04-21
EN1SA43DTN2LIR8DEW5S,3xmpti,impression,2023-04-21
EN1SA43DTN2LIR8DEW5S,aqnikq,impression,2023-04-21
K6Z0X85ZUY0TSF4RCG5J,up08xy,impression,2023-04-21
OY5LNPB5A8FF43ITRZG3,aoelr9,impression,2023-04-21
8C88YB6E8YCGWU07HA7A,ko040z,impression,2023-04-21
LTRZRCI4M19WYVL6Q6L5,9ov9x2,impression,2023-04-21
5E325T5HYL61QSABVR5V,kavtv1,impression,2023-04-21
LW045DVYSGRD75TK6U54,802fas,impression,2023-04-21
LTRZRCI4M19WYVL6Q6L5,ludrdv,impression,2023-04-21
M0LU6DCI1WILGQBZ6808,7u14dh,impression,2023-04-21
IOBPI63RBJIHI5FB7U9O,k6g4m3,impression,2023-04-21
EN1SA43DTN2LIR8DEW5S,5cml25,impression,2023-04-21
AK81O7W3KGPEN8LABG2N,5mhwew,impression,2023-04-21
EN1SA43DTN2LIR8DEW5S,iq3x4o,impression,2023-04-21
2WPF1NXECF3G6NUMWDO7,tka4t4,impression,2023-04-21
GXLKAA83238FVRU718EX,pjker3,impression,2023-04-21
6X20RDH567MX2X3TXYJ7,09wz8d,impression,2023-04-21
8C88YB6E8YCGWU07HA7A,ajn09t,click,2023-04-21
LW045DVYSGRD75TK6U54,v7otvw,impression,2023-04-21
LTRZRCI4M19WYVL6Q6L5,b3rugj,impression,2023-04-21
LW045DVYSGRD75TK6U54,pv1bs3,impression,2023-04-21
KD9PHCBGYFBRI9ET1O9R,aen0np,impression,2023-04-21
OAGTYWN8WFC997VLDJH7,osyamx,impression,2023-04-21
LTRZRCI4M19WYVL6Q6L5,11eo2z,impression,2023-04-21
8C88YB6E8YCGWU07HA7A,0zyzy7,impression,2023-04-21
OY5LNPB5A8FF43ITRZG3,92pvye,impression,2023-04-21
AK81O7W3KGPEN8LABG2N,c9o9ch,impression,2023-04-21
62FIK8F2YT8JSFDBLEC9,dfjm3v,impression,2023-04-21
5E325T5HYL61QSABVR5V,ct0f7q,impression,2023-04-21
LTRZRCI4M19WYVL6Q6L5,rrzymc,impression,2023-04-21
2WPF1NXECF3G6NUMWDO7,orxyuy,impression,2023-04-21
M0LU6DCI1WILGQBZ6808,4aidsj,impression,2023-04-21
OY5LNPB5A8FF43ITRZG3,nfy4pa,impression,2023-04-21
OAGTYWN8WFC997VLDJH7,pf9vuv,impression,2023-04-21
IDOFCO721HTJGDH7332G,ddgbq1,impression,2023-04-21
EN1SA43DTN2LIR8DEW5S,cnjh01,impression,2023-04-21
Y0W3K7OV6ZLILW96OO3K,mk9vez,impression,2023-04-21
K6Z0X85ZUY0TSF4RCG5J,xvqyib,impression,2023-04-21
8C88YB6E8YCGWU07HA7A,nadadp,impression,2023-04-21
OY5LNPB5A8FF43ITRZG3,3kw00c,impression,2023-04-21
2WPF1NXECF3G6NUMWDO7,7l0knf,impression,2023-04-21
2WPF1NXECF3G6NUMWDO7,vdgtjk,impression,2023-04-21
LTRZRCI4M19WYVL6Q6L5,5l2fe4,impression,2023-04-21
AK81O7W3KGPEN8LABG2N,65qped,impression,2023-04-21
AK81O7W3KGPEN8LABG2N,ycp7rg,impression,2023-04-21
IOBPI63RBJIHI5FB7U9O,qxogco,impression,2023-04-21
Y0W3K7OV6ZLILW96OO3K,ypztvs,impression,2023-04-21
P41C5HK4P2G5GFRMT6ZA,z0ak3m,impression,2023-04-21
K6Z0X85ZUY0TSF4RCG5J,0hzpqs,impression,2023-04-21
LTRZRCI4M19WYVL6Q6L5,9ov9x2,impression,2023-04-21
LW045DVYSGRD75TK6U54,c4r740,impression,2023-04-21
IDOFCO721HTJGDH7332G,r49gmq,impression,2023-04-21
6X20RDH567MX2X3TXYJ7,51mjev,impression,2023-04-21
KD9PHCBGYFBRI9ET1O9R,yki41z,impression,2023-04-21
M0LU6DCI1WILGQBZ6808,97z8g8,impression,2023-04-21
M0LU6DCI1WILGQBZ6808,f4uuii,impression,2023-04-21
SOVPFK3BBWKTQM9HOHWJ,ho1fup,impression,2023-04-21
LTRZRCI4M19WYVL6Q6L5,bxnqne,impression,2023-04-21
OAGTYWN8WFC997VLDJH7,16ks3e,impression,2023-04-21
LW045DVYSGRD75TK6U54,k4gky9,impression,2023-04-21
AK81O7W3KGPEN8LABG2N,23b1ob,impression,2023-04-21
LW045DVYSGRD75TK6U54,6ppswm,impression,2023-04-21
IOBPI63RBJIHI5FB7U9O,6mkn26,impression,2023-04-21
LTRZRCI4M19WYVL6Q6L5,9ov9x2,impression,2023-04-21
LW045DVYSGRD75TK6U54,9qk8xw,impression,2023-04-21
LW045DVYSGRD75TK6U54,1fkls5,impression,2023-04-21
AK81O7W3KGPEN8LABG2N,b7lct6,impression,2023-04-21
GXLKAA83238FVRU718EX,gb2bbh,impression,2023-04-21
5E325T5HYL61QSABVR5V,dww6gf,impression,2023-04-21
IDOFCO721HTJGDH7332G,bwtnp5,impression,2023-04-21
LW045DVYSGRD75TK6U54,c4r740,impression,2023-04-21
LW045DVYSGRD75TK6U54,3uunpy,impression,2023-04-21
SOVPFK3BBWKTQM9HOHWJ,dl42xz,impression,2023-04-21
2WPF1NXECF3G6NUMWDO7,jxqlz7,impression,2023-04-21
KD9PHCBGYFBRI9ET1O9R,7untyo,impression,2023-04-21
LTRZRCI4M19WYVL6Q6L5,16rfm6,impression,2023-04-21
IOBPI63RBJIHI5FB7U9O,qqujnw,impression,2023-04-21
AK81O7W3KGPEN8LABG2N,9qi58g,impression,2023-04-21
6X20RDH567MX2X3TXYJ7,wne0jt,impression,2023-04-21
IDOFCO721HTJGDH7332G,m0rky3,impression,2023-04-21
5E325T5HYL61QSABVR5V,4kpp2k,impression,2023-04-21
8C88YB6E8YCGWU07HA7A,rk9x1r,impression,2023-04-21
OAGTYWN8WFC997VLDJH7,6ptwbx,impression,2023-04-21
5E325T5HYL61QSABVR5V,9x0rmt,impression,2023-04-21
LTRZRCI4M19WYVL6Q6L5,0xmaan,impression,2023-04-21
OAGTYWN8WFC997VLDJH7,jm39wb,impression,2023-04-21
IDOFCO721HTJGDH7332G,a3r22q,impression,2023-04-21
AK81O7W3KGPEN8LABG2N,8wblj5,impression,2023-04-21
62FIK8F2YT8JSFDBLEC9,s3am3r,impression,2023-04-21
6X20RDH567MX2X3TXYJ7,ps28xa,impression,2023-04-21
6X20RDH567MX2X3TXYJ7,gtpmkl,impression,2023-04-21
62FIK8F2YT8JSFDBLEC9,eqj5s6,impression,2023-04-21
LTRZRCI4M19WYVL6Q6L5,c2abj7,impression,2023-04-21
LTRZRCI4M19WYVL6Q6L5,18yu52,impression,2023-04-21
2WPF1NXECF3G6NUMWDO7,jxqlz7,impression,2023-04-21
AK81O7W3KGPEN8LABG2N,vwvi2z,impression,2023-04-21
8C88YB6E8YCGWU07HA7A,oengom,impression,2023-04-21
5E325T5HYL61QSABVR5V,drwcbw,impression,2023-04-21
IOBPI63RBJIHI5FB7U9O,vtx61w,impression,2023-04-21
KD9PHCBGYFBRI9ET1O9R,3c491c,impression,2023-04-21
AK81O7W3KGPEN8LABG2N,56lmv7,impression,2023-04-21
IOBPI63RBJIHI5FB7U9O,f3zqx9,impression,2023-04-21
IDOFCO721HTJGDH7332G,uxa3bm,impression,2023-04-21
KD9PHCBGYFBRI9ET1O9R,3u9ua9,impression,2023-04-21
K6Z0X85ZUY0TSF4RCG5J,15bto8,impression,2023-04-21
K6Z0X85ZUY0TSF4RCG5J,f9bez2,impression,2023-04-21
OY5LNPB5A8FF43ITRZG3,amkolk,impression,2023-04-21
EN1SA43DTN2LIR8DEW5S,opk4o7,impression,2023-04-21
Y0W3K7OV6ZLILW96OO3K,2se51h,impression,2023-04-21
IDOFCO721HTJGDH7332G,pqp6gv,impression,2023-04-21
OAGTYWN8WFC997VLDJH7,ji6c46,impression,2023-04-21
AK81O7W3KGPEN8LABG2N,zvkgzx,impression,2023-04-21
OY5LNPB5A8FF43ITRZG3,d2bo1p,impression,2023-04-21
LW045DVYSGRD75TK6U54,y6e7bq,impression,2023-04-21
AK81O7W3KGPEN8LABG2N,tf52j2,impression,2023-04-21
K6Z0X85ZUY0TSF4RCG5J,hca9e5,impression,2023-04-21
62FIK8F2YT8JSFDBLEC9,xtntrj,impression,2023-04-21
IDOFCO721HTJGDH7332G,vhl01q,impression,2023-04-21
62FIK8F2YT8JSFDBLEC9,wldmfv,impression,2023-04-21
6X20RDH567MX2X3TXYJ7,51mjev,impression,2023-04-21
5E325T5HYL61QSABVR5V,dqju3z,impression,2023-04-21
KD9PHCBGYFBRI9ET1O9R,d44vup,impression,2023-04-21
5E325T5HYL61QSABVR5V,ryl8ip,impression,2023-04-21
EN1SA43DTN2LIR8DEW5S,ofuz8y,impression,2023-04-21
2WPF1NXECF3G6NUMWDO7,wpc7fg,impression,2023-04-21
KD9PHCBGYFBRI9ET1O9R,ibx8ec,impression,2023-04-21
LW045DVYSGRD75TK6U54,eud806,impression,2023-04-21
2WPF1NXECF3G6NUMWDO7,ez7bxi,impression,2023-04-21
SOVPFK3BBWKTQM9HOHWJ,dqxqut,impression,2023-04-21
5E325T5HYL61QSABVR5V,rakwmc,impression,2023-04-21
Y0W3K7OV6ZLILW96OO3K,xtb1o1,impression,2023-04-21
IDOFCO721HTJGDH7332G,zuwu8v,impression,2023-04-21
M0LU6DCI1WILGQBZ6808,dctwun,impression,2023-04-21
KD9PHCBGYFBRI9ET1O9R,1ldory,impression,2023-04-21
K6Z0X85ZUY0TSF4RCG5J,xw9n2w,impression,2023-04-21
EN1SA43DTN2LIR8DEW5S,0d213j,impression,2023-04-21
LTRZRCI4M19WYVL6Q6L5,qaaled,impression,2023-04-21
8C88YB6E8YCGWU07HA7A,c0hvb3,impression,2023-04-21
GXLKAA83238FVRU718EX,456l2f,impression,2023-04-21
8C88YB6E8YCGWU07HA7A,zx16wg,impression,2023-04-21
LTRZRCI4M19WYVL6Q6L5,c1vp6x,click,2023-04-21
EN1SA43DTN2LIR8DEW5S,jmzzyu,impression,2023-04-21
5E325T5HYL61QSABVR5V,apgv0b,impression,2023-04-21
KD9PHCBGYFBRI9ET1O9R,aef6cb,impression,2023-04-21
K6Z0X85ZUY0TSF4RCG5J,f16ez2,impression,2023-04-21
62FIK8F2YT8JSFDBLEC9,xgo54p,impression,2023-04-21
SOVPFK3BBWKTQM9HOHWJ,pqu6t5,impression,2023-04-21
5E325T5HYL61QSABVR5V,2ld5xz,impression,2023-04-21
AK81O7W3KGPEN8LABG2N,0onu9d,impression,2023-04-21
5E325T5HYL61QSABVR5V,2ld5xz,impression,2023-04-21
6X20RDH567MX2X3TXYJ7,gfc4e1,impression,2023-04-21
K6Z0X85ZUY0TSF4RCG5J,hwfdxi,impression,2023-04-21
KD9PHCBGYFBRI9ET1O9R,akf1bo,impression,2023-04-21
5E325T5HYL61QSABVR5V,dww6gf,impression,2023-04-21
LW045DVYSGRD75TK6U54,x9ma9h,impression,2023-04-21
M0LU6DCI1WILGQBZ6808,tibvi5,impression,2023-04-21
M0LU6DCI1WILGQBZ6808,p3tlh7,impression,2023-04-21
8C88YB6E8YCGWU07HA7A,7sfd1a,click,2023-04-21
LW045DVYSGRD75TK6U54,ryfaw1,impression,2023-04-21
K6Z0X85ZUY0TSF4RCG5J,9bomj2,impression,2023-04-21
M0LU6DCI1WILGQBZ6808,sl3g5h,impression,2023-04-21
OAGTYWN8WFC997VLDJH7,gi4frf,impression,2023-04-21
2WPF1NXECF3G6NUMWDO7,01zyyp,impression,2023-04-21
AK81O7W3KGPEN8LABG2N,nd4e9p,impression,2023-04-21
OAGTYWN8WFC997VLDJH7,ygqbto,impression,2023-04-21
2WPF1NXECF3G6NUMWDO7,yr9otu,impression,2023-04-21
OAGTYWN8WFC997VLDJH7,y8hfdt,impression,2023-04-21
2WPF1NXECF3G6NUMWDO7,93h00e,impression,2023-04-21
5E325T5HYL61QSABVR5V,eu119b,impression,2023-04-21
AK81O7W3KGPEN8LABG2N,tf52j2,impression,2023-04-21
LTRZRCI4M19WYVL6Q6L5,6o5i2b,impression,2023-04-21
AK81O7W3KGPEN8LABG2N,ggvdmx,impression,2023-04-21
IDOFCO721HTJGDH7332G,4ba2ub,impression,2023-04-21
KD9PHCBGYFBRI9ET1O9R,btwj3e,impression,2023-04-21
SOVPFK3BBWKTQM9HOHWJ,x5b4d1,impression,2023-04-21
P41C5HK4P2G5GFRMT6ZA,26tjki,impression,2023-04-21
LTRZRCI4M19WYVL6Q6L5,e1r9or,impression,2023-04-21
IOBPI63RBJIHI5FB7U9O,hgf40x,impression,2023-04-21
P41C5HK4P2G5GFRMT6ZA,ac8wik,impression,2023-04-21
SOVPFK3BBWKTQM9HOHWJ,34hct7,impression,2023-04-21
EN1SA43DTN2LIR8DEW5S,i22046,impression,2023-04-21
2WPF1NXECF3G6NUMWDO7,hwtpfu,impression,2023-04-21
K6Z0X85ZUY0TSF4RCG5J,5d4nzk,impression,2023-04-21
6X20RDH567MX2X3TXYJ7,euzzmk,click,2023-04-21
5E325T5HYL61QSABVR5V,7sw1oh,impression,2023-04-21
KD9PHCBGYFBRI9ET1O9R,1ldory,impression,2023-04-21
6X20RDH567MX2X3TXYJ7,ervt3m,impression,2023-04-21
LTRZRCI4M19WYVL6Q6L5,uac2l6,impression,2023-04-21
KD9PHCBGYFBRI9ET1O9R,xlbzfj,impression,2023-04-21
5E325T5HYL61QSABVR5V,o4dv0w,impression,2023-04-21
M0LU6DCI1WILGQBZ6808,zkjdk8,impression,2023-04-21
LTRZRCI4M19WYVL6Q6L5,1kx1hr,impression,2023-04-21
EN1SA43DTN2LIR8DEW5S,srbirv,impression,2023-04-21
KD9PHCBGYFBRI9ET1O9R,babvqk,impression,2023-04-21
OY5LNPB5A8FF43ITRZG3,tge35y,impression,2023-04-21
6X20RDH567MX2X3TXYJ7,7aftv3,impression,2023-04-21
IOBPI63RBJIHI5FB7U9O,uw3ss4,impression,2023-04-21
K6Z0X85ZUY0TSF4RCG5J,33n7yp,impression,2023-04-21
KD9PHCBGYFBRI9ET1O9R,cs6bff,impression,2023-04-21
KD9PHCBGYFBRI9ET1O9R,gtzr9l,impression,2023-04-21
K6Z0X85ZUY0TSF4RCG5J,wna3tf,impression,2023-04-21
LW045DVYSGRD75TK6U54,nnbet1,impression,2023-04-21
6X20RDH567MX2X3TXYJ7,4ntlsd,impression,2023-04-21
SOVPFK3BBWKTQM9HOHWJ,kyfsy6,impression,2023-04-21
EN1SA43DTN2LIR8DEW5S,5cml25,impression,2023-04-21
GXLKAA83238FVRU718EX,25piif,impression,2023-04-21
AK81O7W3KGPEN8LABG2N,9qi58g,impression,2023-04-21
LW045DVYSGRD75TK6U54,q07oz0,impression,2023-04-21
OAGTYWN8WFC997VLDJH7,jsvsqz,impression,2023-04-21
K6Z0X85ZUY0TSF4RCG5J,f16ez2,impression,2023-04-21
6X20RDH567MX2X3TXYJ7,bwjw7f,impression,2023-04-21
OY5LNPB5A8FF43ITRZG3,mq0ioo,impression,2023-04-21
AK81O7W3KGPEN8LABG2N,umarxt,impression,2023-04-21
P41C5HK4P2G5GFRMT6ZA,hng4a0,impression,2023-04-21
OY5LNPB5A8FF43ITRZG3,upewg5,impression,2023-04-21
5E325T5HYL61QSABVR5V,23fv9y,impression,2023-04-21
M0LU6DCI1WILGQBZ6808,w8vn3a,impression,2023-04-21
LTRZRCI4M19WYVL6Q6L5,9hx20k,impression,2023-04-21
P41C5HK4P2G5GFRMT6ZA,9g3i8k,impression,2023-04-21
LTRZRCI4M19WYVL6Q6L5,687gj1,impression,2023-04-21
P41C5HK4P2G5GFRMT6ZA,z7cagx,impression,2023-04-21
K6Z0X85ZUY0TSF4RCG5J,vru8v8,impression,2023-04-21
AK81O7W3KGPEN8LABG2N,16d08n,impression,2023-04-21
SOVPFK3BBWKTQM9HOHWJ,ho1fup,impression,2023-04-21
2WPF1NXECF3G6NUMWDO7,w7pul2,impression,2023-04-21
8C88YB6E8YCGWU07HA7A,8qhcp4,impression,2023-04-21
OY5LNPB5A8FF43ITRZG3,kcort3,impression,2023-04-21
P41C5HK4P2G5GFRMT6ZA,hng4a0,impression,2023-04-21
LTRZRCI4M19WYVL6Q6L5,8208py,impression,2023-04-21
EN1SA43DTN2LIR8DEW5S,wgm1iv,impression,2023-04-21
M0LU6DCI1WILGQBZ6808,qv5tua,impression,2023-04-21
2WPF1NXECF3G6NUMWDO7,93h00e,impression,2023-04-21
Y0W3K7OV6ZLILW96OO3K,3ppe50,impression,2023-04-21
LW045DVYSGRD75TK6U54,yjp27f,impression,2023-04-21
OAGTYWN8WFC997VLDJH7,gi4frf,impression,2023-04-21
8C88YB6E8YCGWU07HA7A,688g5r,impression,2023-04-21
P41C5HK4P2G5GFRMT6ZA,uxsaoq,impression,2023-04-21
6X20RDH567MX2X3TXYJ7,5kz5pb,impression,2023-04-21
P41C5HK4P2G5GFRMT6ZA,nppd8v,impression,2023-04-21
OY5LNPB5A8FF43ITRZG3,hayyb1,impression,2023-04-21
P41C5HK4P2G5GFRMT6ZA,tg5cu9,impression,2023-04-21
8C88YB6E8YCGWU07HA7A,wpds4w,impression,2023-04-21
62FIK8F2YT8JSFDBLEC9,hpcac6,impression,2023-04-21
M0LU6DCI1WILGQBZ6808,mpxvae,impression,2023-04-21
OY5LNPB5A8FF43ITRZG3,3kw00c,impression,2023-04-21
LTRZRCI4M19WYVL6Q6L5,s7i453,impression,2023-04-21
6X20RDH567MX2X3TXYJ7,lmjpey,impression,2023-04-21
OY5LNPB5A8FF43ITRZG3,vecd58,impression,2023-04-21
Y0W3K7OV6ZLILW96OO3K,ur643h,impression,2023-04-21
LTRZRCI4M19WYVL6Q6L5,ndhwyv,impression,2023-04-21
K6Z0X85ZUY0TSF4RCG5J,hca9e5,impression,2023-04-21
K6Z0X85ZUY0TSF4RCG5J,dbufjm,impression,2023-04-21
K6Z0X85ZUY0TSF4RCG5J,vru8v8,impression,2023-04-21
62FIK8F2YT8JSFDBLEC9,q5vdyk,impression,2023-04-21
M0LU6DCI1WILGQBZ6808,f4uuii,impression,2023-04-21
2WPF1NXECF3G6NUMWDO7,o7ci77,impression,2023-04-21
AK81O7W3KGPEN8LABG2N,x6pfa6,impression,2023-04-21
OAGTYWN8WFC997VLDJH7,w9jxl5,impression,2023-04-21
EN1SA43DTN2LIR8DEW5S,k32iag,impression,2023-04-21
GXLKAA83238FVRU718EX,ht82qi,impression,2023-04-21
LTRZRCI4M19WYVL6Q6L5,7zu0nf,impression,2023-04-21
LW045DVYSGRD75TK6U54,sc8v8n,impression,2023-04-21
GXLKAA83238FVRU718EX,oozvsu,impression,2023-04-21
SOVPFK3BBWKTQM9HOHWJ,tctoaa,impression,2023-04-21
8C88YB6E8YCGWU07HA7A,0zyzy7,impression,2023-04-21
IDOFCO721HTJGDH7332G,r49gmq,impression,2023-04-21
6X20RDH567MX2X3TXYJ7,692erx,impression,2023-04-21
P41C5HK4P2G5GFRMT6ZA,wc3n19,impression,2023-04-21
62FIK8F2YT8JSFDBLEC9,hezh6d,impression,2023-04-21
8C88YB6E8YCGWU07HA7A,nadadp,impression,2023-04-21
K6Z0X85ZUY0TSF4RCG5J,x92fi0,impression,2023-04-21
GXLKAA83238FVRU718EX,6iujcs,impression,2023-04-21
KD9PHCBGYFBRI9ET1O9R,3c491c,impression,2023-04-21
2WPF1NXECF3G6NUMWDO7,a1lrep,impression,2023-04-21
2WPF1NXECF3G6NUMWDO7,eqy2pt,impression,2023-04-21
P41C5HK4P2G5GFRMT6ZA,y0qfjv,impression,2023-04-21
8C88YB6E8YCGWU07HA7A,2uk6zv,impression,2023-04-21
5E325T5HYL61QSABVR5V,gbi7p0,impression,2023-04-21
8C88YB6E8YCGWU07HA7A,gk45rr,impression,2023-04-21
Y0W3K7OV6ZLILW96OO3K,4xp2ib,impression,2023-04-21
LW045DVYSGRD75TK6U54,mjdo61,impression,2023-04-21
M0LU6DCI1WILGQBZ6808,fhqsj9,impression,2023-04-21
Y0W3K7OV6ZLILW96OO3K,b0x793,impression,2023-04-21
K6Z0X85ZUY0TSF4RCG5J,7yofn1,impression,2023-04-21
5E325T5HYL61QSABVR5V,xa4z64,impression,2023-04-21
GXLKAA83238FVRU718EX,ggkm3j,impression,2023-04-21
LTRZRCI4M19WYVL6Q6L5,r2e2i7,impression,2023-04-21
AK81O7W3KGPEN8LABG2N,23b1ob,impression,2023-04-21
SOVPFK3BBWKTQM9HOHWJ,wm7aon,impression,2023-04-21
SOVPFK3BBWKTQM9HOHWJ,qgmxv8,impression,2023-04-21
IOBPI63RBJIHI5FB7U9O,hh4pry,impression,2023-04-21
LTRZRCI4M19WYVL6Q6L5,as23wo,impression,2023-04-21
K6Z0X85ZUY0TSF4RCG5J,15bto8,impression,2023-04-21
OAGTYWN8WFC997VLDJH7,q1bo18,impression,2023-04-21
Y0W3K7OV6ZLILW96OO3K,bogyxf,impression,2023-04-21
8C88YB6E8YCGWU07HA7A,7gziay,impression,2023-04-21
OY5LNPB5A8FF43ITRZG3,5t9ynd,impression,2023-04-21
K6Z0X85ZUY0TSF4RCG5J,7u52mw,impression,2023-04-21
SOVPFK3BBWKTQM9HOHWJ,rzrcvr,impression,2023-04-21
6X20RDH567MX2X3TXYJ7,wcwf7p,impression,2023-04-21
KD9PHCBGYFBRI9ET1O9R,axbvp3,impression,2023-04-21
62FIK8F2YT8JSFDBLEC9,wldmfv,impression,2023-04-21
IDOFCO721HTJGDH7332G,omtlud,impression,2023-04-21
K6Z0X85ZUY0TSF4RCG5J,tkiaqc,impression,2023-04-21
5E325T5HYL61QSABVR5V,8t9x3j,impression,2023-04-21
OAGTYWN8WFC997VLDJH7,ygqbto,impression,2023-04-21
M0LU6DCI1WILGQBZ6808,l50wv8,impression,2023-04-21
AK81O7W3KGPEN8LABG2N,c9o9ch,impression,2023-04-21
IDOFCO721HTJGDH7332G,ifstde,impression,2023-04-21
SOVPFK3BBWKTQM9HOHWJ,36syx8,impression,2023-04-21
KD9PHCBGYFBRI9ET1O9R,sutr16,impression,2023-04-21
P41C5HK4P2G5GFRMT6ZA,0uq88m,impression,2023-04-21
2WPF1NXECF3G6NUMWDO7,cwdriy,impression,2023-04-21
GXLKAA83238FVRU718EX,2c1wrd,impression,2023-04-21
LTRZRCI4M19WYVL6Q6L5,pm4cdn,impression,2023-04-21
IOBPI63RBJIHI5FB7U9O,inzjuj,impression,2023-04-21
P41C5HK4P2G5GFRMT6ZA,mzbfb0,impression,2023-04-21
5E325T5HYL61QSABVR5V,nee5tg,impression,2023-04-21
Y0W3K7OV6ZLILW96OO3K,4xp2ib,impression,2023-04-21
5E325T5HYL61QSABVR5V,7sw1oh,impression,2023-04-21
K6Z0X85ZUY0TSF4RCG5J,37reca,impression,2023-04-21
M0LU6DCI1WILGQBZ6808,925c7t,impression,2023-04-21
GXLKAA83238FVRU718EX,wv11qp,impression,2023-04-21
LW045DVYSGRD75TK6U54,nnbet1,impression,2023-04-21
62FIK8F2YT8JSFDBLEC9,wgxc7d,impression,2023-04-21
P41C5HK4P2G5GFRMT6ZA,v9bz35,impression,2023-04-21
8C88YB6E8YCGWU07HA7A,9fdnnn,impression,2023-04-21
P41C5HK4P2G5GFRMT6ZA,18dlm9,impression,2023-04-21
GXLKAA83238FVRU718EX,hdlxkk,impression,2023-04-21
OY5LNPB5A8FF43ITRZG3,01cor3,impression,2023-04-21
5E325T5HYL61QSABVR5V,f7rcw4,impression,2023-04-21
6X20RDH567MX2X3TXYJ7,kv1cgp,impression,2023-04-21
AK81O7W3KGPEN8LABG2N,by8abq,impression,2023-04-21
IOBPI63RBJIHI5FB7U9O,hzehkg,impression,2023-04-21
IOBPI63RBJIHI5FB7U9O,mh3zho,impression,2023-04-21
EN1SA43DTN2LIR8DEW5S,zs345h,impression,2023-04-21
LW045DVYSGRD75TK6U54,60jcl8,impression,2023-04-21
IOBPI63RBJIHI5FB7U9O,hxq5fv,click,2023-04-21
GXLKAA83238FVRU718EX,opmujp,impression,2023-04-21
Y0W3K7OV6ZLILW96OO3K,v0bao7,impression,2023-04-21
IDOFCO721HTJGDH7332G,jvuuro,impression,2023-04-21
IDOFCO721HTJGDH7332G,04xpt3,impression,2023-04-21
LW045DVYSGRD75TK6U54,6dgx56,impression,2023-04-21
EN1SA43DTN2LIR8DEW5S,ihwez0,impression,2023-04-21
EN1SA43DTN2LIR8DEW5S,h9lsbj,impression,2023-04-21
Y0W3K7OV6ZLILW96OO3K,zazugc,impression,2023-04-21
Y0W3K7OV6ZLILW96OO3K,fhrv4h,impression,2023-04-21
OY5LNPB5A8FF43ITRZG3,t9lj60,impression,2023-04-21
M0LU6DCI1WILGQBZ6808,4r70hu,impression,2023-04-21
AK81O7W3KGPEN8LABG2N,khnx6g,impression,2023-04-21
LW045DVYSGRD75TK6U54,1zzdmb,impression,2023-04-21
KD9PHCBGYFBRI9ET1O9R,axbvp3,impression,2023-04-21
KD9PHCBGYFBRI9ET1O9R,uphsul,impression,2023-04-21
5E325T5HYL61QSABVR5V,bc0qbe,impression,2023-04-21
AK81O7W3KGPEN8LABG2N,16d08n,impression,2023-04-21
5E325T5HYL61QSABVR5V,ff86jr,impression,2023-04-21
K6Z0X85ZUY0TSF4RCG5J,up08xy,impression,2023-04-21
OY5LNPB5A8FF43ITRZG3,249hh5,impression,2023-04-21
P41C5HK4P2G5GFRMT6ZA,7c1e26,impression,2023-04-21
LW045DVYSGRD75TK6U54,hb1vmd,impression,2023-04-21
P41C5HK4P2G5GFRMT6ZA,mk6vuv,impression,2023-04-21
EN1SA43DTN2LIR8DEW5S,xw5uaz,impression,2023-04-21
GXLKAA83238FVRU718EX,mejm49,impression,2023-04-21
P41C5HK4P2G5GFRMT6ZA,7m20p6,impression,2023-04-21
6X20RDH567MX2X3TXYJ7,bwjw7f,impression,2023-04-21
M0LU6DCI1WILGQBZ6808,2f2r0r,impression,2023-04-21
IOBPI63RBJIHI5FB7U9O,tqiytw,impression,2023-04-21
Y0W3K7OV6ZLILW96OO3K,teqdel,impression,2023-04-21
P41C5HK4P2G5GFRMT6ZA,y1gdyg,impression,2023-04-21
OY5LNPB5A8FF43ITRZG3,ntsnzb,impression,2023-04-21
K6Z0X85ZUY0TSF4RCG5J,6lb0i9,impression,2023-04-21
AK81O7W3KGPEN8LABG2N,vwvi2z,impression,2023-04-21
AK81O7W3KGPEN8LABG2N,e30xje,impression,2023-04-21
OAGTYWN8WFC997VLDJH7,lfgwfp,impression,2023-04-21
62FIK8F2YT8JSFDBLEC9,nv2qdh,impression,2023-04-21
EN1SA43DTN2LIR8DEW5S,1qjtjq,impression,2023-04-21
OY5LNPB5A8FF43ITRZG3,v0toqe,impression,2023-04-21
6X20RDH567MX2X3TXYJ7,64bvrl,impression,2023-04-21
KD9PHCBGYFBRI9ET1O9R,teusxt,impression,2023-04-21
K6Z0X85ZUY0TSF4RCG5J,agwbxn,impression,2023-04-21
OY5LNPB5A8FF43ITRZG3,9ic4qx,impression,2023-04-21
P41C5HK4P2G5GFRMT6ZA,9ww166,impression,2023-04-21
8C88YB6E8YCGWU07HA7A,c0hvb3,impression,2023-04-21
M0LU6DCI1WILGQBZ6808,ih5loh,impression,2023-04-21
6X20RDH567MX2X3TXYJ7,kv1cgp,impression,2023-04-21
LTRZRCI4M19WYVL6Q6L5,8208py,impression,2023-04-21
LW045DVYSGRD75TK6U54,axhp0h,impression,2023-04-21
LTRZRCI4M19WYVL6Q6L5,lq1tit,impression,2023-04-21
6X20RDH567MX2X3TXYJ7,n268jv,impression,2023-04-21
6X20RDH567MX2X3TXYJ7,qll11j,impression,2023-04-21
2WPF1NXECF3G6NUMWDO7,vk00xu,impression,2023-04-21
IDOFCO721HTJGDH7332G,a6lf8a,impression,2023-04-21
EN1SA43DTN2LIR8DEW5S,aqnikq,impression,2023-04-21
5E325T5HYL61QSABVR5V,rf05b3,impression,2023-04-21
LTRZRCI4M19WYVL6Q6L5,16rfm6,impression,2023-04-21
6X20RDH567MX2X3TXYJ7,1tijfh,impression,2023-04-21
GXLKAA83238FVRU718EX,qh2llz,impression,2023-04-21
6X20RDH567MX2X3TXYJ7,eu664q,impression,2023-04-21
LTRZRCI4M19WYVL6Q6L5,lq1tit,impression,2023-04-21
EN1SA43DTN2LIR8DEW5S,8rhlqf,impression,2023-04-21
62FIK8F2YT8JSFDBLEC9,stumy1,impression,2023-04-21
LW045DVYSGRD75TK6U54,yntzgb,impression,2023-04-21
LW045DVYSGRD75TK6U54,dl5ibm,impression,2023-04-21
K6Z0X85ZUY0TSF4RCG5J,5ok4q9,impression,2023-04-21
IOBPI63RBJIHI5FB7U9O,27ndez,impression,2023-04-21
LTRZRCI4M19WYVL6Q6L5,qaaled,impression,2023-04-21
OAGTYWN8WFC997VLDJH7,tokws4,impression,2023-04-21
OY5LNPB5A8FF43ITRZG3,8rdq05,impression,2023-04-21
8C88YB6E8YCGWU07HA7A,rk9x1r,impression,2023-04-21
K6Z0X85ZUY0TSF4RCG5J,a8fvpm,impression,2023-04-21
IOBPI63RBJIHI5FB7U9O,75xk5m,impression,2023-04-21
LTRZRCI4M19WYVL6Q6L5,c436eg,impression,2023-04-21
IOBPI63RBJIHI5FB7U9O,4ad40l,impression,2023-04-21
8C88YB6E8YCGWU07HA7A,9m5cwq,impression,2023-04-21
Y0W3K7OV6ZLILW96OO3K,y5grl2,impression,2023-04-21
8C88YB6E8YCGWU07HA7A,6l68xj,impression,2023-04-21
OAGTYWN8WFC997VLDJH7,jsvsqz,impression,2023-04-21
IDOFCO721HTJGDH7332G,zuwu8v,impression,2023-04-21
OY5LNPB5A8FF43ITRZG3,sikte7,impression,2023-04-21
OY5LNPB5A8FF43ITRZG3,mnpqki,impression,2023-04-21
5E325T5HYL61QSABVR5V,956182,impression,2023-04-21
K6Z0X85ZUY0TSF4RCG5J,hca9e5,impression,2023-04-21
GXLKAA83238FVRU718EX,pjker3,impression,2023-04-21
5E325T5HYL61QSABVR5V,mtnlhs,impression,2023-04-21
LTRZRCI4M19WYVL6Q6L5,o0ub1f,impression,2023-04-21
OAGTYWN8WFC997VLDJH7,w9jxl5,impression,2023-04-21
LW045DVYSGRD75TK6U54,vveodc,impression,2023-04-21
OAGTYWN8WFC997VLDJH7,ipaaf8,impression,2023-04-21
6X20RDH567MX2X3TXYJ7,xyrvbx,impression,2023-04-21
GXLKAA83238FVRU718EX,7knk4n,impression,2023-04-21
OAGTYWN8WFC997VLDJH7,jzh6me,impression,2023-04-21
K6Z0X85ZUY0TSF4RCG5J,figbtq,impression,2023-04-21
5E325T5HYL61QSABVR5V,dqju3z,impression,2023-04-21
P41C5HK4P2G5GFRMT6ZA,8816pd,impression,2023-04-21
OAGTYWN8WFC997VLDJH7,qxgy6r,impression,2023-04-21
AK81O7W3KGPEN8LABG2N,xvegp4,impression,2023-04-21
OY5LNPB5A8FF43ITRZG3,322bpz,impression,2023-04-21
P41C5HK4P2G5GFRMT6ZA,qr6qjs,impression,2023-04-21
OY5LNPB5A8FF43ITRZG3,ixgxle,click,2023-04-21
AK81O7W3KGPEN8LABG2N,0i9a42,impression,2023-04-21
6X20RDH567MX2X3TXYJ7,yr5w4y,impression,2023-04-21
KD9PHCBGYFBRI9ET1O9R,x5imtg,impression,2023-04-21
KD9PHCBGYFBRI9ET1O9R,ldw9st,impression,2023-04-21
OY5LNPB5A8FF43ITRZG3,5t9ynd,impression,2023-04-21
Y0W3K7OV6ZLILW96OO3K,jtdoim,impression,2023-04-21
5E325T5HYL61QSABVR5V,em6e7r,impression,2023-04-21
OY5LNPB5A8FF43ITRZG3,vryvm9,impression,2023-04-21
2WPF1NXECF3G6NUMWDO7,eaf7bk,impression,2023-04-21
Y0W3K7OV6ZLILW96OO3K,sdcwsj,impression,2023-04-21
OAGTYWN8WFC997VLDJH7,q1bo18,impression,2023-04-21
6X20RDH567MX2X3TXYJ7,78vxas,impression,2023-04-21
M0LU6DCI1WILGQBZ6808,dctwun,impression,2023-04-21
62FIK8F2YT8JSFDBLEC9,3jax7g,impression,2023-04-21
6X20RDH567MX2X3TXYJ7,w0h2z9,impression,2023-04-21
LW045DVYSGRD75TK6U54,raph8n,impression,2023-04-21
IOBPI63RBJIHI5FB7U9O,4fijic,impression,2023-04-21
M0LU6DCI1WILGQBZ6808,arbc4z,impression,2023-04-21
SOVPFK3BBWKTQM9HOHWJ,zx7wq0,impression,2023-04-21
Y0W3K7OV6ZLILW96OO3K,fboh9x,impression,2023-04-21
Y0W3K7OV6ZLILW96OO3K,bpwhmw,impression,2023-04-21
OY5LNPB5A8FF43ITRZG3,q4kg7l,impression,2023-04-21
GXLKAA83238FVRU718EX,eh43o5,impression,2023-04-21
P41C5HK4P2G5GFRMT6ZA,7tw3wr,impression,2023-04-21
Y0W3K7OV6ZLILW96OO3K,fhrv4h,impression,2023-04-21
OY5LNPB5A8FF43ITRZG3,z9szc7,impression,2023-04-21
IDOFCO721HTJGDH7332G,z7nbhq,impression,2023-04-21
8C88YB6E8YCGWU07HA7A,edap34,impression,2023-04-21
Y0W3K7OV6ZLILW96OO3K,m16in7,impression,2023-04-21
M0LU6DCI1WILGQBZ6808,6xsbvv,impression,2023-04-21
5E325T5HYL61QSABVR5V,apgv0b,impression,2023-04-21
LTRZRCI4M19WYVL6Q6L5,d1saog,impression,2023-04-21
IDOFCO721HTJGDH7332G,ev0bky,impression,2023-04-21
AK81O7W3KGPEN8LABG2N,fl2w1e,impression,2023-04-21
6X20RDH567MX2X3TXYJ7,pf1k56,impression,2023-04-21
M0LU6DCI1WILGQBZ6808,ab78lo,impression,2023-04-21
SOVPFK3BBWKTQM9HOHWJ,3j6rki,impression,2023-04-21
LTRZRCI4M19WYVL6Q6L5,ktetke,impression,2023-04-21
KD9PHCBGYFBRI9ET1O9R,tdkki8,impression,2023-04-21
EN1SA43DTN2LIR8DEW5S,xq9jhg,impression,2023-04-21
IDOFCO721HTJGDH7332G,sphyb2,impression,2023-04-21
P41C5HK4P2G5GFRMT6ZA,2ueomv,impression,2023-04-21
LW045DVYSGRD75TK6U54,dly1so,impression,2023-04-21
62FIK8F2YT8JSFDBLEC9,nsgvlc,impression,2023-04-21
SOVPFK3BBWKTQM9HOHWJ,pqu6t5,impression,2023-04-21
EN1SA43DTN2LIR8DEW5S,nvo20g,impression,2023-04-21
8C88YB6E8YCGWU07HA7A,482280,impression,2023-04-21
IDOFCO721HTJGDH7332G,iv6agv,impression,2023-04-21
6X20RDH567MX2X3TXYJ7,z2ka7w,impression,2023-04-21
EN1SA43DTN2LIR8DEW5S,9jq8ns,impression,2023-04-21
P41C5HK4P2G5GFRMT6ZA,916j6g,impression,2023-04-21
K6Z0X85ZUY0TSF4RCG5J,0xyzi4,impression,2023-04-21
K6Z0X85ZUY0TSF4RCG5J,5d4nzk,impression,2023-04-21
KD9PHCBGYFBRI9ET1O9R,30ofzs,impression,2023-04-21
GXLKAA83238FVRU718EX,qh2llz,impression,2023-04-21
8C88YB6E8YCGWU07HA7A,uuzvwo,impression,2023-04-21
K6Z0X85ZUY0TSF4RCG5J,thfkzx,impression,2023-04-21
OAGTYWN8WFC997VLDJH7,trv2xo,impression,2023-04-21
Y0W3K7OV6ZLILW96OO3K,x5kpim,impression,2023-04-21
8C88YB6E8YCGWU07HA7A,01c8b9,impression,2023-04-21
LTRZRCI4M19WYVL6Q6L5,vhi7me,click,2023-04-21
5E325T5HYL61QSABVR5V,gbi7p0,impression,2023-04-21
K6Z0X85ZUY0TSF4RCG5J,z1z80j,impression,2023-04-21
OY5LNPB5A8FF43ITRZG3,vmkbjo,impression,2023-04-21
62FIK8F2YT8JSFDBLEC9,96q9i1,impression,2023-04-21
AK81O7W3KGPEN8LABG2N,9jmxoh,impression,2023-04-21
AK81O7W3KGPEN8LABG2N,trjw9j,impression,2023-04-21
AK81O7W3KGPEN8LABG2N,6w3is5,impression,2023-04-21
IDOFCO721HTJGDH7332G,hnxqoy,impression,2023-04-21
AK81O7W3KGPEN8LABG2N,e30xje,impression,2023-04-21
62FIK8F2YT8JSFDBLEC9,02yx1c,impression,2023-04-21
IDOFCO721HTJGDH7332G,8211cf,impression,2023-04-21
OAGTYWN8WFC997VLDJH7,0pdrve,impression,2023-04-21
62FIK8F2YT8JSFDBLEC9,y7a4ae,impression,2023-04-21
KD9PHCBGYFBRI9ET1O9R,3u9ua9,impression,2023-04-21
OY5LNPB5A8FF43ITRZG3,fxzu1x,impression,2023-04-21
AK81O7W3KGPEN8LABG2N,rbl7k0,impression,2023-04-21
IOBPI63RBJIHI5FB7U9O,8jgdli,impression,2023-04-21
M0LU6DCI1WILGQBZ6808,72bvrv,impression,2023-04-21
5E325T5HYL61QSABVR5V,apgv0b,impression,2023-04-21
OY5LNPB5A8FF43ITRZG3,d6k76j,impression,2023-04-21
IDOFCO721HTJGDH7332G,al3rzb,impression,2023-04-21
GXLKAA83238FVRU718EX,kl31xb,impression,2023-04-21
IDOFCO721HTJGDH7332G,jb0u8s,impression,2023-04-21
Y0W3K7OV6ZLILW96OO3K,1vk9yp,impression,2023-04-21
EN1SA43DTN2LIR8DEW5S,gn030p,impression,2023-04-21
AK81O7W3KGPEN8LABG2N,by8abq,impression,2023-04-21
K6Z0X85ZUY0TSF4RCG5J,2rv46m,impression,2023-04-21
Y0W3K7OV6ZLILW96OO3K,7i291l,impression,2023-04-21
LW045DVYSGRD75TK6U54,8kep2q,impression,2023-04-21
M0LU6DCI1WILGQBZ6808,xd4w38,impression,2023-04-21
IDOFCO721HTJGDH7332G,yg60xf,impression,2023-04-21
OY5LNPB5A8FF43ITRZG3,12jkgc,impression,2023-04-21
AK81O7W3KGPEN8LABG2N,bi3by6,impression,2023-04-21
LW045DVYSGRD75TK6U54,qlr38j,impression,2023-04-21
KD9PHCBGYFBRI9ET1O9R,qxz53k,click,2023-04-21
6X20RDH567MX2X3TXYJ7,croniz,impression,2023-04-21
GXLKAA83238FVRU718EX,gde0d3,impression,2023-04-21
AK81O7W3KGPEN8LABG2N,qwva9i,impression,2023-04-21
SOVPFK3BBWKTQM9HOHWJ,61cpk1,impression,2023-04-21
5E325T5HYL61QSABVR5V,ouiia6,impression,2023-04-21
62FIK8F2YT8JSFDBLEC9,080o7p,impression,2023-04-21
K6Z0X85ZUY0TSF4RCG5J,wwrda1,impression,2023-04-21
62FIK8F2YT8JSFDBLEC9,080o7p,impression,2023-04-21
62FIK8F2YT8JSFDBLEC9,b7cp20,impression,2023-04-21
OAGTYWN8WFC997VLDJH7,k1z6b1,impression,2023-04-21
LTRZRCI4M19WYVL6Q6L5,8evyil,impression,2023-04-21
Y0W3K7OV6ZLILW96OO3K,ur643h,impression,2023-04-21
LTRZRCI4M19WYVL6Q6L5,s7i453,impression,2023-04-21
6X20RDH567MX2X3TXYJ7,6lnn3p,impression,2023-04-21
2WPF1NXECF3G6NUMWDO7,39m7cv,impression,2023-04-21
OAGTYWN8WFC997VLDJH7,cvqv40,impression,2023-04-21
P41C5HK4P2G5GFRMT6ZA,7c1e26,impression,2023-04-21
OY5LNPB5A8FF43ITRZG3,usg03r,impression,2023-04-21
62FIK8F2YT8JSFDBLEC9,s5jjxg,impression,2023-04-21
EN1SA43DTN2LIR8DEW5S,srbirv,click,2023-04-21
SOVPFK3BBWKTQM9HOHWJ,zvw46q,impression,2023-04-21
OAGTYWN8WFC997VLDJH7,trv2xo,impression,2023-04-21
GXLKAA83238FVRU718EX,ht82qi,impression,2023-04-21
IOBPI63RBJIHI5FB7U9O,14dx2a,impression,2023-04-21
2WPF1NXECF3G6NUMWDO7,r93fi5,impression,2023-04-21
IOBPI63RBJIHI5FB7U9O,dqfj5c,impression,2023-04-21
P41C5HK4P2G5GFRMT6ZA,z1f7x1,impression,2023-04-21
2WPF1NXECF3G6NUMWDO7,r93fi5,impression,2023-04-21
IDOFCO721HTJGDH7332G,enpe8d,impression,2023-04-21
LTRZRCI4M19WYVL6Q6L5,c1vp6x,impression,2023-04-21
IDOFCO721HTJGDH7332G,m0rky3,impression,2023-04-21
8C88YB6E8YCGWU07HA7A,v7fk8z,impression,2023-04-21
SOVPFK3BBWKTQM9HOHWJ,8erc86,impression,2023-04-21
K6Z0X85ZUY0TSF4RCG5J,t045x0,impression,2023-04-21
KD9PHCBGYFBRI9ET1O9R,thyp7n,impression,2023-04-21
OY5LNPB5A8FF43ITRZG3,322bpz,impression,2023-04-21
KD9PHCBGYFBRI9ET1O9R,g25b4w,impression,2023-04-21
LW045DVYSGRD75TK6U54,27p5ao,impression,2023-04-21
5E325T5HYL61QSABVR5V,k5n5uo,impression,2023-04-21
5E325T5HYL61QSABVR5V,q26rdd,impression,2023-04-21
OAGTYWN8WFC997VLDJH7,ji6c46,impression,2023-04-21
KD9PHCBGYFBRI9ET1O9R,xth7k9,impression,2023-04-21
P41C5HK4P2G5GFRMT6ZA,oyqa0w,impression,2023-04-21
2WPF1NXECF3G6NUMWDO7,kph3tq,impression,2023-04-21
8C88YB6E8YCGWU07HA7A,q240nj,impression,2023-04-21
Y0W3K7OV6ZLILW96OO3K,epcpvc,impression,2023-04-21
OAGTYWN8WFC997VLDJH7,9inybp,impression,2023-04-21
SOVPFK3BBWKTQM9HOHWJ,yv73mp,impression,2023-04-21
62FIK8F2YT8JSFDBLEC9,sktq8k,impression,2023-04-21
K6Z0X85ZUY0TSF4RCG5J,37reca,impression,2023-04-21
K6Z0X85ZUY0TSF4RCG5J,519aus,impression,2023-04-21
LW045DVYSGRD75TK6U54,lywka5,impression,2023-04-21
SOVPFK3BBWKTQM9HOHWJ,jbr521,impression,2023-04-21
M0LU6DCI1WILGQBZ6808,4mbhwe,impression,2023-04-21
2WPF1NXECF3G6NUMWDO7,w829wh,impression,2023-04-21
8C88YB6E8YCGWU07HA7A,tg4q6t,impression,2023-04-21
2WPF1NXECF3G6NUMWDO7,vdgtjk,impression,2023-04-21
6X20RDH567MX2X3TXYJ7,ps28xa,impression,2023-04-21
SOVPFK3BBWKTQM9HOHWJ,xsdcyh,impression,2023-04-21
LTRZRCI4M19WYVL6Q6L5,dyok7q,impression,2023-04-21
2WPF1NXECF3G6NUMWDO7,r93fi5,impression,2023-04-21
62FIK8F2YT8JSFDBLEC9,vplwl8,impression,2023-04-21
GXLKAA83238FVRU718EX,gde0d3,impression,2023-04-21
K6Z0X85ZUY0TSF4RCG5J,6va8b2,impression,2023-04-21
OY5LNPB5A8FF43ITRZG3,amkolk,impression,2023-04-21
EN1SA43DTN2LIR8DEW5S,5iddog,impression,2023-04-21
8C88YB6E8YCGWU07HA7A,ao2jek,impression,2023-04-21
OY5LNPB5A8FF43ITRZG3,oyqg86,impression,2023-04-21
P41C5HK4P2G5GFRMT6ZA,bq9zmv,impression,2023-04-21
Y0W3K7OV6ZLILW96OO3K,ehvtdo,impression,2023-04-21
GXLKAA83238FVRU718EX,y58p84,impression,2023-04-21
P41C5HK4P2G5GFRMT6ZA,fprozu,impression,2023-04-21
5E325T5HYL61QSABVR5V,2ld5xz,impression,2023-04-21
8C88YB6E8YCGWU07HA7A,cpoqco,impression,2023-04-21
IDOFCO721HTJGDH7332G,iprb5k,impression,2023-04-21
LW045DVYSGRD75TK6U54,lywka5,impression,2023-04-21
6X20RDH567MX2X3TXYJ7,lh3xv5,impression,2023-04-21
GXLKAA83238FVRU718EX,1lbvq4,impression,2023-04-21
6X20RDH567MX2X3TXYJ7,gh026k,impression,2023-04-21
IOBPI63RBJIHI5FB7U9O,xgnop9,impression,2023-04-21
5E325T5HYL61QSABVR5V,q05a7h,impression,2023-04-21
IDOFCO721HTJGDH7332G,udc3q8,impression,2023-04-21
OY5LNPB5A8FF43ITRZG3,vecd58,impression,2023-04-21
8C88YB6E8YCGWU07HA7A,rk9x1r,impression,2023-04-21
OAGTYWN8WFC997VLDJH7,mrti6i,impression,2023-04-21
SOVPFK3BBWKTQM9HOHWJ,61cpk1,impression,2023-04-21
K6Z0X85ZUY0TSF4RCG5J,aidi05,impression,2023-04-21
LW045DVYSGRD75TK6U54,yntzgb,impression,2023-04-21
8C88YB6E8YCGWU07HA7A,9fdnnn,impression,2023-04-21
LW045DVYSGRD75TK6U54,c4r740,impression,2023-04-21
KD9PHCBGYFBRI9ET1O9R,lka0ux,impression,2023-04-21
8C88YB6E8YCGWU07HA7A,1ndm85,impression,2023-04-21
IOBPI63RBJIHI5FB7U9O,d368bj,impression,2023-04-21
LTRZRCI4M19WYVL6Q6L5,moqwz3,impression,2023-04-21
SOVPFK3BBWKTQM9HOHWJ,ugwbs7,impression,2023-04-21
LW045DVYSGRD75TK6U54,8immml,impression,2023-04-21
8C88YB6E8YCGWU07HA7A,0zyzy7,impression,2023-04-21
IOBPI63RBJIHI5FB7U9O,ojib1g,impression,2023-04-21
K6Z0X85ZUY0TSF4RCG5J,agwbxn,impression,2023-04-21
SOVPFK3BBWKTQM9HOHWJ,r5kktm,impression,2023-04-21
GXLKAA83238FVRU718EX,ggkm3j,impression,2023-04-21
AK81O7W3KGPEN8LABG2N,rbl7k0,impression,2023-04-21
P41C5HK4P2G5GFRMT6ZA,zv971s,impression,2023-04-21
OAGTYWN8WFC997VLDJH7,iixxf2,impression,2023-04-21
6X20RDH567MX2X3TXYJ7,492rog,impression,2023-04-21
OY5LNPB5A8FF43ITRZG3,rs7qq7,impression,2023-04-21
IOBPI63RBJIHI5FB7U9O,qr42my,impression,2023-04-21
62FIK8F2YT8JSFDBLEC9,s3am3r,impression,2023-04-21
5E325T5HYL61QSABVR5V,8t9x3j,impression,2023-04-21
6X20RDH567MX2X3TXYJ7,p8i4hs,impression,2023-04-21
IDOFCO721HTJGDH7332G,nhyref,impression,2023-04-21
LW045DVYSGRD75TK6U54,yd2pit,impression,2023-04-21
OY5LNPB5A8FF43ITRZG3,ot4ozo,impression,2023-04-21
6X20RDH567MX2X3TXYJ7,5op36z,impression,2023-04-21
Y0W3K7OV6ZLILW96OO3K,97ijg3,impression,2023-04-21
LTRZRCI4M19WYVL6Q6L5,moqwz3,impression,2023-04-21
Y0W3K7OV6ZLILW96OO3K,spc9vb,impression,2023-04-21
SOVPFK3BBWKTQM9HOHWJ,7wbmu6,impression,2023-04-21
GXLKAA83238FVRU718EX,tw5zm2,impression,2023-04-21
IOBPI63RBJIHI5FB7U9O,exnzpb,impression,2023-04-21
K6Z0X85ZUY0TSF4RCG5J,keszc0,impression,2023-04-21
IDOFCO721HTJGDH7332G,tdi3cs,impression,2023-04-21
5E325T5HYL61QSABVR5V,u981g8,impression,2023-04-21
OY5LNPB5A8FF43ITRZG3,12jkgc,impression,2023-04-21
GXLKAA83238FVRU718EX,uthbpm,impression,2023-04-21
8C88YB6E8YCGWU07HA7A,obbiob,impression,2023-04-21
KD9PHCBGYFBRI9ET1O9R,nwghhs,impression,2023-04-21
LTRZRCI4M19WYVL6Q6L5,ob2mjs,impression,2023-04-21
AK81O7W3KGPEN8LABG2N,rbl7k0,impression,2023-04-21
Y0W3K7OV6ZLILW96OO3K,9tm48n,impression,2023-04-21
Y0W3K7OV6ZLILW96OO3K,bogyxf,impression,2023-04-21
6X20RDH567MX2X3TXYJ7,pn73xc,impression,2023-04-21
OAGTYWN8WFC997VLDJH7,5ll4bb,impression,2023-04-21
LW045DVYSGRD75TK6U54,0d67kc,impression,2023-04-21
5E325T5HYL61QSABVR5V,ovnsyp,impression,2023-04-21
OY5LNPB5A8FF43ITRZG3,fxzu1x,impression,2023-04-21
M0LU6DCI1WILGQBZ6808,pwavhl,impression,2023-04-21
SOVPFK3BBWKTQM9HOHWJ,nk7y9m,impression,2023-04-21
2WPF1NXECF3G6NUMWDO7,x6wzs9,impression,2023-04-21
5E325T5HYL61QSABVR5V,u981g8,impression,2023-04-21
Y0W3K7OV6ZLILW96OO3K,rbc28n,impression,2023-04-21
8C88YB6E8YCGWU07HA7A,g2s520,impression,2023-04-21
KD9PHCBGYFBRI9ET1O9R,2asahz,impression,2023-04-21
8C88YB6E8YCGWU07HA7A,e84d32,impression,2023-04-21
M0LU6DCI1WILGQBZ6808,8ozmrg,impression,2023-04-21
LTRZRCI4M19WYVL6Q6L5,vfxd22,impression,2023-04-21
SOVPFK3BBWKTQM9HOHWJ,11mr2m,impression,2023-04-21
8C88YB6E8YCGWU07HA7A,twypmm,impression,2023-04-21
M0LU6DCI1WILGQBZ6808,mpxvae,impression,2023-04-21
6X20RDH567MX2X3TXYJ7,19lcs2,impression,2023-04-21
IOBPI63RBJIHI5FB7U9O,un724n,impression,2023-04-21
SOVPFK3BBWKTQM9HOHWJ,26uir7,impression,2023-04-21
SOVPFK3BBWKTQM9HOHWJ,pqu6t5,impression,2023-04-21
5E325T5HYL61QSABVR5V,t5ujd9,impression,2023-04-21
62FIK8F2YT8JSFDBLEC9,sxx5fx,impression,2023-04-21
IOBPI63RBJIHI5FB7U9O,b6obd9,impression,2023-04-21
LTRZRCI4M19WYVL6Q6L5,rrzymc,impression,2023-04-21
KD9PHCBGYFBRI9ET1O9R,yz30hs,impression,2023-04-21
LTRZRCI4M19WYVL6Q6L5,85ptuk,impression,2023-04-21
LTRZRCI4M19WYVL6Q6L5,ovc9wn,impression,2023-04-21
LW045DVYSGRD75TK6U54,rko87w,impression,2023-04-21
5E325T5HYL61QSABVR5V,3bu0e5,impression,2023-04-21
OAGTYWN8WFC997VLDJH7,89cf8m,impression,2023-04-21
62FIK8F2YT8JSFDBLEC9,3p7hn3,impression,2023-04-21
SOVPFK3BBWKTQM9HOHWJ,t98z75,impression,2023-04-21
OAGTYWN8WFC997VLDJH7,jgh77f,impression,2023-04-21
5E325T5HYL61QSABVR5V,o8q26q,impression,2023-04-21
OAGTYWN8WFC997VLDJH7,mqdfaf,impression,2023-04-21
OY5LNPB5A8FF43ITRZG3,y1kxbh,impression,2023-04-21
LW045DVYSGRD75TK6U54,pv1bs3,impression,2023-04-21
IOBPI63RBJIHI5FB7U9O,dqfj5c,impression,2023-04-21
AK81O7W3KGPEN8LABG2N,wwohgp,impression,2023-04-21
8C88YB6E8YCGWU07HA7A,ecjz6a,impression,2023-04-21
M0LU6DCI1WILGQBZ6808,tibvi5,impression,2023-04-21
AK81O7W3KGPEN8LABG2N,r23mtn,impression,2023-04-21
P41C5HK4P2G5GFRMT6ZA,b9tvz4,impression,2023-04-21
5E325T5HYL61QSABVR5V,9s5jum,impression,2023-04-21
5E325T5HYL61QSABVR5V,51l4nw,impression,2023-04-21
IOBPI63RBJIHI5FB7U9O,qe8lwe,impression,2023-04-21
62FIK8F2YT8JSFDBLEC9,sxx5fx,impression,2023-04-21
M0LU6DCI1WILGQBZ6808,bl9tid,impression,2023-04-21
P41C5HK4P2G5GFRMT6ZA,lfyscd,impression,2023-04-21
62FIK8F2YT8JSFDBLEC9,b4ffyf,impression,2023-04-21
EN1SA43DTN2LIR8DEW5S,opk4o7,impression,2023-04-21
8C88YB6E8YCGWU07HA7A,nadadp,impression,2023-04-21
2WPF1NXECF3G6NUMWDO7,h31003,impression,2023-04-21
EN1SA43DTN2LIR8DEW5S,vdwahs,impression,2023-04-21
62FIK8F2YT8JSFDBLEC9,sud4ha,impression,2023-04-21
6X20RDH567MX2X3TXYJ7,7aftv3,impression,2023-04-21
2WPF1NXECF3G6NUMWDO7,w7pul2,impression,2023-04-21
LW045DVYSGRD75TK6U54,vn41c9,impression,2023-04-21
Y0W3K7OV6ZLILW96OO3K,spc9vb,impression,2023-04-21
P41C5HK4P2G5GFRMT6ZA,hng4a0,impression,2023-04-21
K6Z0X85ZUY0TSF4RCG5J,x92fi0,impression,2023-04-21
OAGTYWN8WFC997VLDJH7,u4xoxd,impression,2023-04-21
Y0W3K7OV6ZLILW96OO3K,oc20y8,impression,2023-04-21
IDOFCO721HTJGDH7332G,s85zzl,impression,2023-04-21
SOVPFK3BBWKTQM9HOHWJ,f7nfo8,impression,2023-04-21
Y0W3K7OV6ZLILW96OO3K,ekrojd,impression,2023-04-21
2WPF1NXECF3G6NUMWDO7,h5jh3h,impression,2023-04-21
KD9PHCBGYFBRI9ET1O9R,b7rq8v,impression,2023-04-21
62FIK8F2YT8JSFDBLEC9,b4ffyf,impression,2023-04-21
8C88YB6E8YCGWU07HA7A,5unwei,impression,2023-04-21
6X20RDH567MX2X3TXYJ7,1tijfh,impression,2023-04-21
6X20RDH567MX2X3TXYJ7,lmjpey,impression,2023-04-21
IOBPI63RBJIHI5FB7U9O,g3fl74,impression,2023-04-21
EN1SA43DTN2LIR8DEW5S,mzq6kt,impression,2023-04-21
IDOFCO721HTJGDH7332G,5g65si,impression,2023-04-21
K6Z0X85ZUY0TSF4RCG5J,gtvv74,impression,2023-04-21
M0LU6DCI1WILGQBZ6808,1ngj7w,impression,2023-04-21
EN1SA43DTN2LIR8DEW5S,0zhiti,impression,2023-04-21
GXLKAA83238FVRU718EX,ofpsah,impression,2023-04-21
KD9PHCBGYFBRI9ET1O9R,w3us5w,impression,2023-04-21
IOBPI63RBJIHI5FB7U9O,0719qa,impression,2023-04-21
2WPF1NXECF3G6NUMWDO7,hkgnre,impression,2023-04-21
SOVPFK3BBWKTQM9HOHWJ,mmmzn4,impression,2023-04-21
LTRZRCI4M19WYVL6Q6L5,as23wo,impression,2023-04-21
6X20RDH567MX2X3TXYJ7,w0h2z9,impression,2023-04-21
KD9PHCBGYFBRI9ET1O9R,tdkki8,impression,2023-04-21
OY5LNPB5A8FF43ITRZG3,zeahj9,impression,2023-04-21
62FIK8F2YT8JSFDBLEC9,f5vm9z,impression,2023-04-21
OAGTYWN8WFC997VLDJH7,sj28zt,impression,2023-04-21
SOVPFK3BBWKTQM9HOHWJ,lc67d7,impression,2023-04-21
K6Z0X85ZUY0TSF4RCG5J,0y875i,impression,2023-04-21
62FIK8F2YT8JSFDBLEC9,aoaexj,impression,2023-04-21
P41C5HK4P2G5GFRMT6ZA,huarrm,impression,2023-04-21
Y0W3K7OV6ZLILW96OO3K,y5grl2,impression,2023-04-21
2WPF1NXECF3G6NUMWDO7,orxyuy,impression,2023-04-21
Y0W3K7OV6ZLILW96OO3K,xtb1o1,impression,2023-04-21
LTRZRCI4M19WYVL6Q6L5,brkn3q,impression,2023-04-21
K6Z0X85ZUY0TSF4RCG5J,j95gw7,impression,2023-04-21
5E325T5HYL61QSABVR5V,k27rkf,impression,2023-04-21
OAGTYWN8WFC997VLDJH7,cvqv40,impression,2023-04-21
LTRZRCI4M19WYVL6Q6L5,16rfm6,impression,2023-04-21
SOVPFK3BBWKTQM9HOHWJ,3j6rki,impression,2023-04-21
5E325T5HYL61QSABVR5V,869aeo,impression,2023-04-21
GXLKAA83238FVRU718EX,z2ymwq,impression,2023-04-21
6X20RDH567MX2X3TXYJ7,nbw6wl,impression,2023-04-21
2WPF1NXECF3G6NUMWDO7,02qhao,impression,2023-04-21
8C88YB6E8YCGWU07HA7A,5flymj,impression,2023-04-21
OY5LNPB5A8FF43ITRZG3,vecd58,impression,2023-04-21
8C88YB6E8YCGWU07HA7A,tx0fqh,impression,2023-04-21
K6Z0X85ZUY0TSF4RCG5J,nfuf66,impression,2023-04-21
GXLKAA83238FVRU718EX,gde0d3,impression,2023-04-21
2WPF1NXECF3G6NUMWDO7,g3p5nh,impression,2023-04-21
Y0W3K7OV6ZLILW96OO3K,07k41h,impression,2023-04-21
EN1SA43DTN2LIR8DEW5S,ds46he,impression,2023-04-21
AK81O7W3KGPEN8LABG2N,bj20tn,impression,2023-04-21
K6Z0X85ZUY0TSF4RCG5J,0y875i,impression,2023-04-21
AK81O7W3KGPEN8LABG2N,z403rg,impression,2023-04-21
SOVPFK3BBWKTQM9HOHWJ,34hct7,impression,2023-04-21
SOVPFK3BBWKTQM9HOHWJ,9czk20,impression,2023-04-21
SOVPFK3BBWKTQM9HOHWJ,bse7z6,impression,2023-04-21
5E325T5HYL61QSABVR5V,ppwu5g,impression,2023-04-21
P41C5HK4P2G5GFRMT6ZA,mzbfb0,impression,2023-04-21
6X20RDH567MX2X3TXYJ7,1tijfh,impression,2023-04-21
KD9PHCBGYFBRI9ET1O9R,gtzr9l,impression,2023-04-21
SOVPFK3BBWKTQM9HOHWJ,wrgyrp,impression,2023-04-21
AK81O7W3KGPEN8LABG2N,zvkgzx,impression,2023-04-21
8C88YB6E8YCGWU07HA7A,lxx56c,impression,2023-04-21
KD9PHCBGYFBRI9ET1O9R,ikox0w,impression,2023-04-21
AK81O7W3KGPEN8LABG2N,zcc0bo,impression,2023-04-21
