advertiser_id,product_id,date
KD9PHCBGYFBRI9ET1O9R,kiiln1,2023-04-21
OY5LNPB5A8FF43ITRZG3,fxgf7r,2023-04-21
P41C5HK4P2G5GFRMT6ZA,2b32wi,2023-04-21
8C88YB6E8YCGWU07HA7A,9m5cwq,2023-04-21
5E325T5HYL61QSABVR5V,486rim,2023-04-21
Y0W3K7OV6ZLILW96OO3K,jtdoim,2023-04-21
LTRZRCI4M19WYVL6Q6L5,16rfm6,2023-04-21
LW045DVYSGRD75TK6U54,nd6h69,2023-04-21
6X20RDH567MX2X3TXYJ7,692erx,2023-04-21
EN1SA43DTN2LIR8DEW5S,vdwahs,2023-04-21
AK81O7W3KGPEN8LABG2N,fl2w1e,2023-04-21
OY5LNPB5A8FF43ITRZG3,ljrrcz,2023-04-21
LTRZRCI4M19WYVL6Q6L5,hatbdl,2023-04-21
OAGTYWN8WFC997VLDJH7,t1mx3j,2023-04-21
M0LU6DCI1WILGQBZ6808,nxief0,2023-04-21
LTRZRCI4M19WYVL6Q6L5,r2e2i7,2023-04-21
P41C5HK4P2G5GFRMT6ZA,b7cd61,2023-04-21
5E325T5HYL61QSABVR5V,ea8b1r,2023-04-21
Y0W3K7OV6ZLILW96OO3K,jegpe2,2023-04-21
LW045DVYSGRD75TK6U54,8bd8nw,2023-04-21
LW045DVYSGRD75TK6U54,ebw8ae,2023-04-21
62FIK8F2YT8JSFDBLEC9,hezh6d,2023-04-21
M0LU6DCI1WILGQBZ6808,0gn9yg,2023-04-21
M0LU6DCI1WILGQBZ6808,4mbhwe,2023-04-21
6X20RDH567MX2X3TXYJ7,n268jv,2023-04-21
GXLKAA83238FVRU718EX,6ut1bp,2023-04-21
2WPF1NXECF3G6NUMWDO7,93h00e,2023-04-21
2WPF1NXECF3G6NUMWDO7,leqy24,2023-04-21
6X20RDH567MX2X3TXYJ7,w9r32r,2023-04-21
OY5LNPB5A8FF43ITRZG3,83pl8y,2023-04-21
EN1SA43DTN2LIR8DEW5S,vdwahs,2023-04-21
Y0W3K7OV6ZLILW96OO3K,dinjn2,2023-04-21
62FIK8F2YT8JSFDBLEC9,wqd44x,2023-04-21
KD9PHCBGYFBRI9ET1O9R,tdkki8,2023-04-21
EN1SA43DTN2LIR8DEW5S,jxz8l4,2023-04-21
P41C5HK4P2G5GFRMT6ZA,9eaosn,2023-04-21
GXLKAA83238FVRU718EX,04hpox,2023-04-21
AK81O7W3KGPEN8LABG2N,qwva9i,2023-04-21
2WPF1NXECF3G6NUMWDO7,a1lrep,2023-04-21
IOBPI63RBJIHI5FB7U9O,pvfsnl,2023-04-21
EN1SA43DTN2LIR8DEW5S,svowxw,2023-04-21
LW045DVYSGRD75TK6U54,nnbet1,2023-04-21
KD9PHCBGYFBRI9ET1O9R,7aooy8,2023-04-21
EN1SA43DTN2LIR8DEW5S,0zhiti,2023-04-21
LW045DVYSGRD75TK6U54,xq2mjn,2023-04-21
6X20RDH567MX2X3TXYJ7,udfm3t,2023-04-21
6X20RDH567MX2X3TXYJ7,5m9de4,2023-04-21
EN1SA43DTN2LIR8DEW5S,jcu4sb,2023-04-21
62FIK8F2YT8JSFDBLEC9,2jacnf,2023-04-21
OAGTYWN8WFC997VLDJH7,286far,2023-04-21
P41C5HK4P2G5GFRMT6ZA,8816pd,2023-04-21
2WPF1NXECF3G6NUMWDO7,02qhao,2023-04-21
IOBPI63RBJIHI5FB7U9O,pvfsnl,2023-04-21
IDOFCO721HTJGDH7332G,jb0u8s,2023-04-21
Y0W3K7OV6ZLILW96OO3K,y5grl2,2023-04-21
8C88YB6E8YCGWU07HA7A,9m5cwq,2023-04-21
5E325T5HYL61QSABVR5V,ryl8ip,2023-04-21
62FIK8F2YT8JSFDBLEC9,wgxc7d,2023-04-21
P41C5HK4P2G5GFRMT6ZA,huarrm,2023-04-21
IDOFCO721HTJGDH7332G,8211cf,2023-04-21
AK81O7W3KGPEN8LABG2N,hix4ud,2023-04-21
8C88YB6E8YCGWU07HA7A,c3nhtl,2023-04-21
M0LU6DCI1WILGQBZ6808,zsfy1w,2023-04-21
IOBPI63RBJIHI5FB7U9O,hgf40x,2023-04-21
GXLKAA83238FVRU718EX,25piif,2023-04-21
2WPF1NXECF3G6NUMWDO7,avtylx,2023-04-21
OY5LNPB5A8FF43ITRZG3,0gm4js,2023-04-21
6X20RDH567MX2X3TXYJ7,udfm3t,2023-04-21
EN1SA43DTN2LIR8DEW5S,jmzzyu,2023-04-21
M0LU6DCI1WILGQBZ6808,pljemg,2023-04-21
SOVPFK3BBWKTQM9HOHWJ,ex59fp,2023-04-21
OAGTYWN8WFC997VLDJH7,osyamx,2023-04-21
P41C5HK4P2G5GFRMT6ZA,v5a1ul,2023-04-21
LTRZRCI4M19WYVL6Q6L5,vfxd22,2023-04-21
GXLKAA83238FVRU718EX,b5zefy,2023-04-21
2WPF1NXECF3G6NUMWDO7,5da8p6,2023-04-21
5E325T5HYL61QSABVR5V,4kpp2k,2023-04-21
LTRZRCI4M19WYVL6Q6L5,1kx1hr,2023-04-21
M0LU6DCI1WILGQBZ6808,bl9tid,2023-04-21
IDOFCO721HTJGDH7332G,svd32t,2023-04-21
8C88YB6E8YCGWU07HA7A,x9vr4k,2023-04-21
62FIK8F2YT8JSFDBLEC9,cjzsuj,2023-04-21
SOVPFK3BBWKTQM9HOHWJ,xb9d64,2023-04-21
6X20RDH567MX2X3TXYJ7,5ns87o,2023-04-21
LW045DVYSGRD75TK6U54,yntzgb,2023-04-21
GXLKAA83238FVRU718EX,g6m0mp,2023-04-21
IOBPI63RBJIHI5FB7U9O,dbznt7,2023-04-21
8C88YB6E8YCGWU07HA7A,ndbwid,2023-04-21
AK81O7W3KGPEN8LABG2N,4d8zsv,2023-04-21
IDOFCO721HTJGDH7332G,a6lf8a,2023-04-21
Y0W3K7OV6ZLILW96OO3K,ooh7mr,2023-04-21
EN1SA43DTN2LIR8DEW5S,osw36t,2023-04-21
SOVPFK3BBWKTQM9HOHWJ,847yto,2023-04-21
M0LU6DCI1WILGQBZ6808,q6hbry,2023-04-21
OAGTYWN8WFC997VLDJH7,u4xoxd,2023-04-21
P41C5HK4P2G5GFRMT6ZA,26tjki,2023-04-21
5E325T5HYL61QSABVR5V,869aeo,2023-04-21
8C88YB6E8YCGWU07HA7A,jk1kls,2023-04-21
5E325T5HYL61QSABVR5V,uoq1cl,2023-04-21
GXLKAA83238FVRU718EX,5k6stq,2023-04-21
KD9PHCBGYFBRI9ET1O9R,ldw9st,2023-04-21
KD9PHCBGYFBRI9ET1O9R,zs5the,2023-04-21
GXLKAA83238FVRU718EX,vmd6hg,2023-04-21
EN1SA43DTN2LIR8DEW5S,ofuz8y,2023-04-21
P41C5HK4P2G5GFRMT6ZA,hix3q8,2023-04-21
OAGTYWN8WFC997VLDJH7,tokws4,2023-04-21
SOVPFK3BBWKTQM9HOHWJ,pqu6t5,2023-04-21
OY5LNPB5A8FF43ITRZG3,9ic4qx,2023-04-21
KD9PHCBGYFBRI9ET1O9R,zs5the,2023-04-21
AK81O7W3KGPEN8LABG2N,3gcyfz,2023-04-21
2WPF1NXECF3G6NUMWDO7,151b1x,2023-04-21
2WPF1NXECF3G6NUMWDO7,7l0knf,2023-04-21
2WPF1NXECF3G6NUMWDO7,x6wzs9,2023-04-21
EN1SA43DTN2LIR8DEW5S,6fv3hr,2023-04-21
62FIK8F2YT8JSFDBLEC9,c98fl5,2023-04-21
8C88YB6E8YCGWU07HA7A,om6eqr,2023-04-21
LTRZRCI4M19WYVL6Q6L5,0xmaan,2023-04-21
62FIK8F2YT8JSFDBLEC9,60nljz,2023-04-21
Y0W3K7OV6ZLILW96OO3K,nwzqzw,2023-04-21
KD9PHCBGYFBRI9ET1O9R,b7rq8v,2023-04-21
62FIK8F2YT8JSFDBLEC9,vghuxs,2023-04-21
LW045DVYSGRD75TK6U54,vveodc,2023-04-21
8C88YB6E8YCGWU07HA7A,unjs1p,2023-04-21
2WPF1NXECF3G6NUMWDO7,boj69r,2023-04-21
IDOFCO721HTJGDH7332G,o7vnfq,2023-04-21
M0LU6DCI1WILGQBZ6808,hkyk5u,2023-04-21
IOBPI63RBJIHI5FB7U9O,4nocu9,2023-04-21
IDOFCO721HTJGDH7332G,v8qm6y,2023-04-21
62FIK8F2YT8JSFDBLEC9,z6d55o,2023-04-21
AK81O7W3KGPEN8LABG2N,rmdnxl,2023-04-21
LW045DVYSGRD75TK6U54,hb1vmd,2023-04-21
IOBPI63RBJIHI5FB7U9O,fk4o1h,2023-04-21
IOBPI63RBJIHI5FB7U9O,pvfsnl,2023-04-21
AK81O7W3KGPEN8LABG2N,cymyfg,2023-04-21
LW045DVYSGRD75TK6U54,vn41c9,2023-04-21
5E325T5HYL61QSABVR5V,drwcbw,2023-04-21
P41C5HK4P2G5GFRMT6ZA,p4xxbn,2023-04-21
2WPF1NXECF3G6NUMWDO7,s9qni3,2023-04-21
AK81O7W3KGPEN8LABG2N,gjlqc7,2023-04-21
GXLKAA83238FVRU718EX,gk83o1,2023-04-21
62FIK8F2YT8JSFDBLEC9,ax6510,2023-04-21
62FIK8F2YT8JSFDBLEC9,e8qqdd,2023-04-21
AK81O7W3KGPEN8LABG2N,r23mtn,2023-04-21
AK81O7W3KGPEN8LABG2N,vwvi2z,2023-04-21
KD9PHCBGYFBRI9ET1O9R,jlc4eq,2023-04-21
KD9PHCBGYFBRI9ET1O9R,yz30hs,2023-04-21
EN1SA43DTN2LIR8DEW5S,cnjh01,2023-04-21
KD9PHCBGYFBRI9ET1O9R,u1bxpj,2023-04-21
KD9PHCBGYFBRI9ET1O9R,uiaa95,2023-04-21
IDOFCO721HTJGDH7332G,2qicpc,2023-04-21
8C88YB6E8YCGWU07HA7A,yxyi6f,2023-04-21
62FIK8F2YT8JSFDBLEC9,irrk9f,2023-04-21
SOVPFK3BBWKTQM9HOHWJ,p1qasw,2023-04-21
IOBPI63RBJIHI5FB7U9O,l6n0i6,2023-04-21
Y0W3K7OV6ZLILW96OO3K,us7krn,2023-04-21
IDOFCO721HTJGDH7332G,df0axo,2023-04-21
6X20RDH567MX2X3TXYJ7,2r66jg,2023-04-21
KD9PHCBGYFBRI9ET1O9R,b7rq8v,2023-04-21
5E325T5HYL61QSABVR5V,y35s3m,2023-04-21
GXLKAA83238FVRU718EX,a3wha7,2023-04-21
OY5LNPB5A8FF43ITRZG3,83pl8y,2023-04-21
62FIK8F2YT8JSFDBLEC9,7g6ete,2023-04-21
M0LU6DCI1WILGQBZ6808,i17cdl,2023-04-21
LW045DVYSGRD75TK6U54,a79i17,2023-04-21
62FIK8F2YT8JSFDBLEC9,vfcp69,2023-04-21
OY5LNPB5A8FF43ITRZG3,560w61,2023-04-21
IDOFCO721HTJGDH7332G,ca81hb,2023-04-21
OY5LNPB5A8FF43ITRZG3,roesvu,2023-04-21
2WPF1NXECF3G6NUMWDO7,z3fe2l,2023-04-21
LW045DVYSGRD75TK6U54,3uunpy,2023-04-21
2WPF1NXECF3G6NUMWDO7,3mcl6q,2023-04-21
M0LU6DCI1WILGQBZ6808,nd3nlr,2023-04-21
5E325T5HYL61QSABVR5V,ntholg,2023-04-21
OY5LNPB5A8FF43ITRZG3,j99zks,2023-04-21
M0LU6DCI1WILGQBZ6808,rh8i25,2023-04-21
P41C5HK4P2G5GFRMT6ZA,zdzr5b,2023-04-21
6X20RDH567MX2X3TXYJ7,jdvqxu,2023-04-21
OAGTYWN8WFC997VLDJH7,94vf35,2023-04-21
AK81O7W3KGPEN8LABG2N,x273up,2023-04-21
OAGTYWN8WFC997VLDJH7,zlknd0,2023-04-21
6X20RDH567MX2X3TXYJ7,croniz,2023-04-21
2WPF1NXECF3G6NUMWDO7,pb2uvk,2023-04-21
AK81O7W3KGPEN8LABG2N,23b1ob,2023-04-21
GXLKAA83238FVRU718EX,o11tt4,2023-04-21
P41C5HK4P2G5GFRMT6ZA,wc3n19,2023-04-21
M0LU6DCI1WILGQBZ6808,hotonu,2023-04-21
M0LU6DCI1WILGQBZ6808,xti7at,2023-04-21
KD9PHCBGYFBRI9ET1O9R,yz30hs,2023-04-21
M0LU6DCI1WILGQBZ6808,4r70hu,2023-04-21
EN1SA43DTN2LIR8DEW5S,xq9jhg,2023-04-21
KD9PHCBGYFBRI9ET1O9R,w3us5w,2023-04-21
5E325T5HYL61QSABVR5V,6j25uy,2023-04-21
EN1SA43DTN2LIR8DEW5S,mzq6kt,2023-04-21
Y0W3K7OV6ZLILW96OO3K,v5jo8m,2023-04-21
LTRZRCI4M19WYVL6Q6L5,hatbdl,2023-04-21
OAGTYWN8WFC997VLDJH7,0kb912,2023-04-21
Y0W3K7OV6ZLILW96OO3K,r52bi2,2023-04-21
OAGTYWN8WFC997VLDJH7,ljxul5,2023-04-21
LTRZRCI4M19WYVL6Q6L5,moqwz3,2023-04-21
IDOFCO721HTJGDH7332G,gc94lj,2023-04-21
GXLKAA83238FVRU718EX,oozvsu,2023-04-21
2WPF1NXECF3G6NUMWDO7,vf3z3p,2023-04-21
M0LU6DCI1WILGQBZ6808,72bvrv,2023-04-21
GXLKAA83238FVRU718EX,6iujcs,2023-04-21
5E325T5HYL61QSABVR5V,q26rdd,2023-04-21
IOBPI63RBJIHI5FB7U9O,btnfxa,2023-04-21
IDOFCO721HTJGDH7332G,byto7g,2023-04-21
EN1SA43DTN2LIR8DEW5S,4bkixy,2023-04-21
IOBPI63RBJIHI5FB7U9O,h97kq5,2023-04-21
AK81O7W3KGPEN8LABG2N,39477v,2023-04-21
2WPF1NXECF3G6NUMWDO7,wv1ka4,2023-04-21
8C88YB6E8YCGWU07HA7A,2zr6oc,2023-04-21
8C88YB6E8YCGWU07HA7A,ajn09t,2023-04-21
SOVPFK3BBWKTQM9HOHWJ,kycnfy,2023-04-21
AK81O7W3KGPEN8LABG2N,niigq6,2023-04-21
Y0W3K7OV6ZLILW96OO3K,y5grl2,2023-04-21
SOVPFK3BBWKTQM9HOHWJ,wrgyrp,2023-04-21
6X20RDH567MX2X3TXYJ7,dz4kbq,2023-04-21
EN1SA43DTN2LIR8DEW5S,1qjtjq,2023-04-21
AK81O7W3KGPEN8LABG2N,by8abq,2023-04-21
M0LU6DCI1WILGQBZ6808,70rpxq,2023-04-21
SOVPFK3BBWKTQM9HOHWJ,ex59fp,2023-04-21
LW045DVYSGRD75TK6U54,mjdo61,2023-04-21
P41C5HK4P2G5GFRMT6ZA,y0qfjv,2023-04-21
2WPF1NXECF3G6NUMWDO7,y5oo7p,2023-04-21
5E325T5HYL61QSABVR5V,xa4z64,2023-04-21
LW045DVYSGRD75TK6U54,kwznhy,2023-04-21
IDOFCO721HTJGDH7332G,enadgk,2023-04-21
LTRZRCI4M19WYVL6Q6L5,bxnqne,2023-04-21
OY5LNPB5A8FF43ITRZG3,3ruchi,2023-04-21
6X20RDH567MX2X3TXYJ7,ryjlc8,2023-04-21
Y0W3K7OV6ZLILW96OO3K,spc9vb,2023-04-21
IDOFCO721HTJGDH7332G,df0axo,2023-04-21
K6Z0X85ZUY0TSF4RCG5J,33n7yp,2023-04-21
8C88YB6E8YCGWU07HA7A,xhw365,2023-04-21
GXLKAA83238FVRU718EX,k5uov7,2023-04-21
M0LU6DCI1WILGQBZ6808,45zjde,2023-04-21
Y0W3K7OV6ZLILW96OO3K,t2p3sn,2023-04-21
SOVPFK3BBWKTQM9HOHWJ,cdsws6,2023-04-21
IDOFCO721HTJGDH7332G,s85zzl,2023-04-21
OAGTYWN8WFC997VLDJH7,t1mx3j,2023-04-21
6X20RDH567MX2X3TXYJ7,pn73xc,2023-04-21
8C88YB6E8YCGWU07HA7A,lxx56c,2023-04-21
LTRZRCI4M19WYVL6Q6L5,brkn3q,2023-04-21
LTRZRCI4M19WYVL6Q6L5,9mxkl2,2023-04-21
EN1SA43DTN2LIR8DEW5S,cnjh01,2023-04-21
62FIK8F2YT8JSFDBLEC9,aoaexj,2023-04-21
2WPF1NXECF3G6NUMWDO7,hkgnre,2023-04-21
5E325T5HYL61QSABVR5V,f8m4m5,2023-04-21
LTRZRCI4M19WYVL6Q6L5,ukakgl,2023-04-21
KD9PHCBGYFBRI9ET1O9R,w3v97u,2023-04-21
IOBPI63RBJIHI5FB7U9O,qe8lwe,2023-04-21
K6Z0X85ZUY0TSF4RCG5J,vru8v8,2023-04-21
Y0W3K7OV6ZLILW96OO3K,ur643h,2023-04-21
OY5LNPB5A8FF43ITRZG3,q4kg7l,2023-04-21
EN1SA43DTN2LIR8DEW5S,4p39lo,2023-04-21
SOVPFK3BBWKTQM9HOHWJ,7a0qya,2023-04-21
GXLKAA83238FVRU718EX,n0jdxr,2023-04-21
LTRZRCI4M19WYVL6Q6L5,ukakgl,2023-04-21
P41C5HK4P2G5GFRMT6ZA,fprozu,2023-04-21
KD9PHCBGYFBRI9ET1O9R,ka9uca,2023-04-21
6X20RDH567MX2X3TXYJ7,4ekzj0,2023-04-21
LTRZRCI4M19WYVL6Q6L5,wsexjx,2023-04-21
IDOFCO721HTJGDH7332G,r49gmq,2023-04-21
OY5LNPB5A8FF43ITRZG3,08qjeb,2023-04-21
K6Z0X85ZUY0TSF4RCG5J,0qgawn,2023-04-21
IDOFCO721HTJGDH7332G,ffolbl,2023-04-21
IDOFCO721HTJGDH7332G,jvuuro,2023-04-21
K6Z0X85ZUY0TSF4RCG5J,j7pej0,2023-04-21
OAGTYWN8WFC997VLDJH7,zw5uig,2023-04-21
LTRZRCI4M19WYVL6Q6L5,2zx4m2,2023-04-21
LW045DVYSGRD75TK6U54,y6e7bq,2023-04-21
5E325T5HYL61QSABVR5V,d5nine,2023-04-21
IOBPI63RBJIHI5FB7U9O,ebp84f,2023-04-21
M0LU6DCI1WILGQBZ6808,45zjde,2023-04-21
IDOFCO721HTJGDH7332G,7vylqi,2023-04-21
6X20RDH567MX2X3TXYJ7,eagutx,2023-04-21
5E325T5HYL61QSABVR5V,riwoau,2023-04-21
GXLKAA83238FVRU718EX,okekl8,2023-04-21
SOVPFK3BBWKTQM9HOHWJ,htv7hv,2023-04-21
SOVPFK3BBWKTQM9HOHWJ,11mr2m,2023-04-21
LW045DVYSGRD75TK6U54,ef32yv,2023-04-21
M0LU6DCI1WILGQBZ6808,i17cdl,2023-04-21
OY5LNPB5A8FF43ITRZG3,3zbxdn,2023-04-21
GXLKAA83238FVRU718EX,hjykba,2023-04-21
OAGTYWN8WFC997VLDJH7,ymsdmd,2023-04-21
LTRZRCI4M19WYVL6Q6L5,oxwt1g,2023-04-21
K6Z0X85ZUY0TSF4RCG5J,keszc0,2023-04-21
LW045DVYSGRD75TK6U54,60jcl8,2023-04-21
EN1SA43DTN2LIR8DEW5S,ds46he,2023-04-21
GXLKAA83238FVRU718EX,gde0d3,2023-04-21
AK81O7W3KGPEN8LABG2N,jo8bj7,2023-04-21
LW045DVYSGRD75TK6U54,2drj75,2023-04-21
LW045DVYSGRD75TK6U54,nd6h69,2023-04-21
5E325T5HYL61QSABVR5V,f8m4m5,2023-04-21
K6Z0X85ZUY0TSF4RCG5J,33n7yp,2023-04-21
6X20RDH567MX2X3TXYJ7,vbx43n,2023-04-21
LTRZRCI4M19WYVL6Q6L5,ovc9wn,2023-04-21
KD9PHCBGYFBRI9ET1O9R,btwj3e,2023-04-21
M0LU6DCI1WILGQBZ6808,ab78lo,2023-04-21
EN1SA43DTN2LIR8DEW5S,nvo20g,2023-04-21
OAGTYWN8WFC997VLDJH7,zhldur,2023-04-21
2WPF1NXECF3G6NUMWDO7,n9tu73,2023-04-21
LTRZRCI4M19WYVL6Q6L5,brkn3q,2023-04-21
LTRZRCI4M19WYVL6Q6L5,o3ocgx,2023-04-21
P41C5HK4P2G5GFRMT6ZA,pnt5mz,2023-04-21
LTRZRCI4M19WYVL6Q6L5,16rfm6,2023-04-21
P41C5HK4P2G5GFRMT6ZA,h8xzj6,2023-04-21
KD9PHCBGYFBRI9ET1O9R,exxfub,2023-04-21
62FIK8F2YT8JSFDBLEC9,kun8in,2023-04-21
6X20RDH567MX2X3TXYJ7,gh026k,2023-04-21
LTRZRCI4M19WYVL6Q6L5,5l2fe4,2023-04-21
OY5LNPB5A8FF43ITRZG3,ifz78q,2023-04-21
SOVPFK3BBWKTQM9HOHWJ,lc67d7,2023-04-21
5E325T5HYL61QSABVR5V,vt50c4,2023-04-21
2WPF1NXECF3G6NUMWDO7,c1ah0e,2023-04-21
OAGTYWN8WFC997VLDJH7,mrti6i,2023-04-21
LW045DVYSGRD75TK6U54,8bd8nw,2023-04-21
K6Z0X85ZUY0TSF4RCG5J,6lb0i9,2023-04-21
K6Z0X85ZUY0TSF4RCG5J,buvw1e,2023-04-21
LTRZRCI4M19WYVL6Q6L5,ob2mjs,2023-04-21
5E325T5HYL61QSABVR5V,a1zm3s,2023-04-21
OAGTYWN8WFC997VLDJH7,w9jxl5,2023-04-21
2WPF1NXECF3G6NUMWDO7,5squ7d,2023-04-21
2WPF1NXECF3G6NUMWDO7,4vcn5d,2023-04-21
GXLKAA83238FVRU718EX,77nxm2,2023-04-21
GXLKAA83238FVRU718EX,44knfj,2023-04-21
OY5LNPB5A8FF43ITRZG3,u06rlb,2023-04-21
AK81O7W3KGPEN8LABG2N,imnmrz,2023-04-21
LTRZRCI4M19WYVL6Q6L5,1kx1hr,2023-04-21
62FIK8F2YT8JSFDBLEC9,r8txvg,2023-04-21
M0LU6DCI1WILGQBZ6808,klott1,2023-04-21
LTRZRCI4M19WYVL6Q6L5,ru3pym,2023-04-21
6X20RDH567MX2X3TXYJ7,jop08q,2023-04-21
SOVPFK3BBWKTQM9HOHWJ,d9o4jq,2023-04-21
P41C5HK4P2G5GFRMT6ZA,q3me5m,2023-04-21
M0LU6DCI1WILGQBZ6808,7u14dh,2023-04-21
SOVPFK3BBWKTQM9HOHWJ,4yuqji,2023-04-21
6X20RDH567MX2X3TXYJ7,9rf7vt,2023-04-21
8C88YB6E8YCGWU07HA7A,tg4q6t,2023-04-21
8C88YB6E8YCGWU07HA7A,tx0fqh,2023-04-21
SOVPFK3BBWKTQM9HOHWJ,26uir7,2023-04-21
62FIK8F2YT8JSFDBLEC9,7waxlv,2023-04-21
IDOFCO721HTJGDH7332G,8211cf,2023-04-21
8C88YB6E8YCGWU07HA7A,twmsof,2023-04-21
KD9PHCBGYFBRI9ET1O9R,3c491c,2023-04-21
5E325T5HYL61QSABVR5V,hfp5rr,2023-04-21
62FIK8F2YT8JSFDBLEC9,lyttha,2023-04-21
LTRZRCI4M19WYVL6Q6L5,c2abj7,2023-04-21
8C88YB6E8YCGWU07HA7A,wn7sl7,2023-04-21
GXLKAA83238FVRU718EX,3jdut4,2023-04-21
EN1SA43DTN2LIR8DEW5S,ar5h7u,2023-04-21
GXLKAA83238FVRU718EX,gapibc,2023-04-21
KD9PHCBGYFBRI9ET1O9R,56rbfo,2023-04-21
K6Z0X85ZUY0TSF4RCG5J,qrga62,2023-04-21
GXLKAA83238FVRU718EX,1lbvq4,2023-04-21
LTRZRCI4M19WYVL6Q6L5,j2c17a,2023-04-21
OY5LNPB5A8FF43ITRZG3,sikte7,2023-04-21
2WPF1NXECF3G6NUMWDO7,y5oo7p,2023-04-21
IDOFCO721HTJGDH7332G,4nw8r6,2023-04-21
2WPF1NXECF3G6NUMWDO7,wv1ka4,2023-04-21
AK81O7W3KGPEN8LABG2N,91x3t8,2023-04-21
OAGTYWN8WFC997VLDJH7,if862u,2023-04-21
LW045DVYSGRD75TK6U54,6rms23,2023-04-21
6X20RDH567MX2X3TXYJ7,cmk364,2023-04-21
K6Z0X85ZUY0TSF4RCG5J,agwbxn,2023-04-21
OY5LNPB5A8FF43ITRZG3,4j9gx3,2023-04-21
K6Z0X85ZUY0TSF4RCG5J,f16ez2,2023-04-21
K6Z0X85ZUY0TSF4RCG5J,bujmv9,2023-04-21
EN1SA43DTN2LIR8DEW5S,91d978,2023-04-21
K6Z0X85ZUY0TSF4RCG5J,2rv46m,2023-04-21
2WPF1NXECF3G6NUMWDO7,y90z0f,2023-04-21
5E325T5HYL61QSABVR5V,1sbt0i,2023-04-21
5E325T5HYL61QSABVR5V,hjdqr3,2023-04-21
IDOFCO721HTJGDH7332G,a3r22q,2023-04-21
Y0W3K7OV6ZLILW96OO3K,51i3ex,2023-04-21
8C88YB6E8YCGWU07HA7A,obbiob,2023-04-21
K6Z0X85ZUY0TSF4RCG5J,hca9e5,2023-04-21
IDOFCO721HTJGDH7332G,1761jl,2023-04-21
P41C5HK4P2G5GFRMT6ZA,qr6qjs,2023-04-21
P41C5HK4P2G5GFRMT6ZA,um0u29,2023-04-21
P41C5HK4P2G5GFRMT6ZA,0uq88m,2023-04-21
OY5LNPB5A8FF43ITRZG3,2n3qcq,2023-04-21
IOBPI63RBJIHI5FB7U9O,hh4pry,2023-04-21
P41C5HK4P2G5GFRMT6ZA,tg5cu9,2023-04-21
EN1SA43DTN2LIR8DEW5S,b5twm9,2023-04-21
IOBPI63RBJIHI5FB7U9O,ebp84f,2023-04-21
GXLKAA83238FVRU718EX,n0jdxr,2023-04-21
P41C5HK4P2G5GFRMT6ZA,z5w78i,2023-04-21
2WPF1NXECF3G6NUMWDO7,00ga8c,2023-04-21
OY5LNPB5A8FF43ITRZG3,3zbxdn,2023-04-21
OY5LNPB5A8FF43ITRZG3,g644fq,2023-04-21
M0LU6DCI1WILGQBZ6808,xbdyb0,2023-04-21
5E325T5HYL61QSABVR5V,n76q39,2023-04-21
62FIK8F2YT8JSFDBLEC9,hbj0w3,2023-04-21
OY5LNPB5A8FF43ITRZG3,ixgxle,2023-04-21
6X20RDH567MX2X3TXYJ7,r3u99h,2023-04-21
IDOFCO721HTJGDH7332G,l3rbgo,2023-04-21
6X20RDH567MX2X3TXYJ7,uk7vna,2023-04-21
EN1SA43DTN2LIR8DEW5S,s67m9l,2023-04-21
8C88YB6E8YCGWU07HA7A,x9vr4k,2023-04-21
P41C5HK4P2G5GFRMT6ZA,huarrm,2023-04-21
AK81O7W3KGPEN8LABG2N,6w3is5,2023-04-21
Y0W3K7OV6ZLILW96OO3K,tepx3u,2023-04-21
K6Z0X85ZUY0TSF4RCG5J,7yofn1,2023-04-21
KD9PHCBGYFBRI9ET1O9R,v68izq,2023-04-21
LTRZRCI4M19WYVL6Q6L5,lq1tit,2023-04-21
IDOFCO721HTJGDH7332G,pbooeb,2023-04-21
IOBPI63RBJIHI5FB7U9O,kttxyu,2023-04-21
M0LU6DCI1WILGQBZ6808,awitr9,2023-04-21
62FIK8F2YT8JSFDBLEC9,816w0p,2023-04-21
KD9PHCBGYFBRI9ET1O9R,akf1bo,2023-04-21
8C88YB6E8YCGWU07HA7A,wn7sl7,2023-04-21
SOVPFK3BBWKTQM9HOHWJ,lc67d7,2023-04-21
K6Z0X85ZUY0TSF4RCG5J,0hzpqs,2023-04-21
8C88YB6E8YCGWU07HA7A,edap34,2023-04-21
EN1SA43DTN2LIR8DEW5S,p4de8i,2023-04-21
M0LU6DCI1WILGQBZ6808,p3tlh7,2023-04-21
5E325T5HYL61QSABVR5V,vt72j8,2023-04-21
OAGTYWN8WFC997VLDJH7,89cf8m,2023-04-21
62FIK8F2YT8JSFDBLEC9,byhrzw,2023-04-21
62FIK8F2YT8JSFDBLEC9,96q9i1,2023-04-21
AK81O7W3KGPEN8LABG2N,54t2v9,2023-04-21
5E325T5HYL61QSABVR5V,58axzx,2023-04-21
M0LU6DCI1WILGQBZ6808,nxief0,2023-04-21
LW045DVYSGRD75TK6U54,queax8,2023-04-21
OAGTYWN8WFC997VLDJH7,26clyi,2023-04-21
M0LU6DCI1WILGQBZ6808,knqvcr,2023-04-21
2WPF1NXECF3G6NUMWDO7,02qhao,2023-04-21
LW045DVYSGRD75TK6U54,hb1vmd,2023-04-21
6X20RDH567MX2X3TXYJ7,r3u99h,2023-04-21
5E325T5HYL61QSABVR5V,bngzct,2023-04-21
OAGTYWN8WFC997VLDJH7,nbisvy,2023-04-21
EN1SA43DTN2LIR8DEW5S,km9sxj,2023-04-21
IOBPI63RBJIHI5FB7U9O,qmqjq5,2023-04-21
8C88YB6E8YCGWU07HA7A,p248ae,2023-04-21
OAGTYWN8WFC997VLDJH7,94vf35,2023-04-21
IDOFCO721HTJGDH7332G,1o4swb,2023-04-21
6X20RDH567MX2X3TXYJ7,z2ka7w,2023-04-21
SOVPFK3BBWKTQM9HOHWJ,yrl3h7,2023-04-21
62FIK8F2YT8JSFDBLEC9,63h7my,2023-04-21
M0LU6DCI1WILGQBZ6808,knqvcr,2023-04-21
5E325T5HYL61QSABVR5V,51l4nw,2023-04-21
EN1SA43DTN2LIR8DEW5S,osw36t,2023-04-21
Y0W3K7OV6ZLILW96OO3K,2se51h,2023-04-21
LW045DVYSGRD75TK6U54,6dgx56,2023-04-21
5E325T5HYL61QSABVR5V,9s5jum,2023-04-21
GXLKAA83238FVRU718EX,04hpox,2023-04-21
SOVPFK3BBWKTQM9HOHWJ,di0clo,2023-04-21
KD9PHCBGYFBRI9ET1O9R,nd03f5,2023-04-21
GXLKAA83238FVRU718EX,6hya6h,2023-04-21
Y0W3K7OV6ZLILW96OO3K,2ob8wx,2023-04-21
GXLKAA83238FVRU718EX,hdlxkk,2023-04-21
GXLKAA83238FVRU718EX,ggkm3j,2023-04-21
GXLKAA83238FVRU718EX,2c1wrd,2023-04-21
IDOFCO721HTJGDH7332G,yg60xf,2023-04-21
Y0W3K7OV6ZLILW96OO3K,zhfwd6,2023-04-21
5E325T5HYL61QSABVR5V,nuegnv,2023-04-21
Y0W3K7OV6ZLILW96OO3K,n8zn9i,2023-04-21
AK81O7W3KGPEN8LABG2N,nlsjnq,2023-04-21
GXLKAA83238FVRU718EX,wv11qp,2023-04-21
OAGTYWN8WFC997VLDJH7,trv2xo,2023-04-21
IDOFCO721HTJGDH7332G,ca81hb,2023-04-21
OAGTYWN8WFC997VLDJH7,8p1a5q,2023-04-21
OAGTYWN8WFC997VLDJH7,ljxul5,2023-04-21
M0LU6DCI1WILGQBZ6808,b8hkbl,2023-04-21
5E325T5HYL61QSABVR5V,nuegnv,2023-04-21
AK81O7W3KGPEN8LABG2N,rmdnxl,2023-04-21
AK81O7W3KGPEN8LABG2N,rbl7k0,2023-04-21
AK81O7W3KGPEN8LABG2N,zvkgzx,2023-04-21
M0LU6DCI1WILGQBZ6808,kc722i,2023-04-21
KD9PHCBGYFBRI9ET1O9R,nwghhs,2023-04-21
OY5LNPB5A8FF43ITRZG3,08qjeb,2023-04-21
EN1SA43DTN2LIR8DEW5S,hopp17,2023-04-21
K6Z0X85ZUY0TSF4RCG5J,5ok4q9,2023-04-21
M0LU6DCI1WILGQBZ6808,zsfy1w,2023-04-21
K6Z0X85ZUY0TSF4RCG5J,l75ocy,2023-04-21
8C88YB6E8YCGWU07HA7A,u2c2jz,2023-04-21
6X20RDH567MX2X3TXYJ7,bj8kfm,2023-04-21
2WPF1NXECF3G6NUMWDO7,pdmarm,2023-04-21
SOVPFK3BBWKTQM9HOHWJ,wrgyrp,2023-04-21
OAGTYWN8WFC997VLDJH7,ymsdmd,2023-04-21
IDOFCO721HTJGDH7332G,2xtd8v,2023-04-21
62FIK8F2YT8JSFDBLEC9,qzu1xi,2023-04-21
GXLKAA83238FVRU718EX,c17ag8,2023-04-21
K6Z0X85ZUY0TSF4RCG5J,ltmg8n,2023-04-21
OY5LNPB5A8FF43ITRZG3,mq0ioo,2023-04-21
P41C5HK4P2G5GFRMT6ZA,um0u29,2023-04-21
K6Z0X85ZUY0TSF4RCG5J,33n7yp,2023-04-21
GXLKAA83238FVRU718EX,op2uum,2023-04-21
OAGTYWN8WFC997VLDJH7,l59ymp,2023-04-21
5E325T5HYL61QSABVR5V,3uz2ry,2023-04-21
KD9PHCBGYFBRI9ET1O9R,uphsul,2023-04-21
EN1SA43DTN2LIR8DEW5S,xw5uaz,2023-04-21
K6Z0X85ZUY0TSF4RCG5J,9zn873,2023-04-21
P41C5HK4P2G5GFRMT6ZA,w6drk6,2023-04-21
KD9PHCBGYFBRI9ET1O9R,cvo2wx,2023-04-21
K6Z0X85ZUY0TSF4RCG5J,v4noh3,2023-04-21
IOBPI63RBJIHI5FB7U9O,64z60f,2023-04-21
K6Z0X85ZUY0TSF4RCG5J,9zn873,2023-04-21
M0LU6DCI1WILGQBZ6808,7rh4yt,2023-04-21
AK81O7W3KGPEN8LABG2N,pf9ylb,2023-04-21
EN1SA43DTN2LIR8DEW5S,wgm1iv,2023-04-21
EN1SA43DTN2LIR8DEW5S,gn030p,2023-04-21
K6Z0X85ZUY0TSF4RCG5J,s6dul3,2023-04-21
OAGTYWN8WFC997VLDJH7,qbs88b,2023-04-21
M0LU6DCI1WILGQBZ6808,5zmptw,2023-04-21
AK81O7W3KGPEN8LABG2N,by8abq,2023-04-21
P41C5HK4P2G5GFRMT6ZA,bk64ft,2023-04-21
2WPF1NXECF3G6NUMWDO7,eqy2pt,2023-04-21
OY5LNPB5A8FF43ITRZG3,z9szc7,2023-04-21
8C88YB6E8YCGWU07HA7A,xhw365,2023-04-21
M0LU6DCI1WILGQBZ6808,l50wv8,2023-04-21
KD9PHCBGYFBRI9ET1O9R,aen0np,2023-04-21
GXLKAA83238FVRU718EX,uthbpm,2023-04-21
62FIK8F2YT8JSFDBLEC9,alxbtr,2023-04-21
P41C5HK4P2G5GFRMT6ZA,bq9zmv,2023-04-21
M0LU6DCI1WILGQBZ6808,sl3g5h,2023-04-21
5E325T5HYL61QSABVR5V,riwoau,2023-04-21
8C88YB6E8YCGWU07HA7A,01c8b9,2023-04-21
2WPF1NXECF3G6NUMWDO7,3dw0q9,2023-04-21
LW045DVYSGRD75TK6U54,a74zps,2023-04-21
AK81O7W3KGPEN8LABG2N,bj20tn,2023-04-21
EN1SA43DTN2LIR8DEW5S,mdacbq,2023-04-21
6X20RDH567MX2X3TXYJ7,gtpmkl,2023-04-21
OY5LNPB5A8FF43ITRZG3,sikte7,2023-04-21
GXLKAA83238FVRU718EX,6iujcs,2023-04-21
M0LU6DCI1WILGQBZ6808,nxief0,2023-04-21
IDOFCO721HTJGDH7332G,0svqfc,2023-04-21
OY5LNPB5A8FF43ITRZG3,usg03r,2023-04-21
8C88YB6E8YCGWU07HA7A,uzdfz7,2023-04-21
GXLKAA83238FVRU718EX,ofpsah,2023-04-21
OAGTYWN8WFC997VLDJH7,pior38,2023-04-21
OAGTYWN8WFC997VLDJH7,aod7su,2023-04-21
AK81O7W3KGPEN8LABG2N,trjw9j,2023-04-21
GXLKAA83238FVRU718EX,ihnu7o,2023-04-21
OAGTYWN8WFC997VLDJH7,k1z6b1,2023-04-21
OAGTYWN8WFC997VLDJH7,26clyi,2023-04-21
GXLKAA83238FVRU718EX,pjker3,2023-04-21
LW045DVYSGRD75TK6U54,pv1bs3,2023-04-21
IDOFCO721HTJGDH7332G,dhk71o,2023-04-21
IOBPI63RBJIHI5FB7U9O,75xk5m,2023-04-21
62FIK8F2YT8JSFDBLEC9,7g6ete,2023-04-21
8C88YB6E8YCGWU07HA7A,awvia8,2023-04-21
K6Z0X85ZUY0TSF4RCG5J,bujmv9,2023-04-21
IOBPI63RBJIHI5FB7U9O,jwpvbh,2023-04-21
8C88YB6E8YCGWU07HA7A,kf8663,2023-04-21
AK81O7W3KGPEN8LABG2N,fs0rto,2023-04-21
GXLKAA83238FVRU718EX,06rp8j,2023-04-21
SOVPFK3BBWKTQM9HOHWJ,jaz6pj,2023-04-21
P41C5HK4P2G5GFRMT6ZA,b7cd61,2023-04-21
GXLKAA83238FVRU718EX,ycwvfj,2023-04-21
8C88YB6E8YCGWU07HA7A,snjsrv,2023-04-21
Y0W3K7OV6ZLILW96OO3K,spc9vb,2023-04-21
GXLKAA83238FVRU718EX,gde0d3,2023-04-21
AK81O7W3KGPEN8LABG2N,qwva9i,2023-04-21
IDOFCO721HTJGDH7332G,1o4swb,2023-04-21
IDOFCO721HTJGDH7332G,8ygz1p,2023-04-21
M0LU6DCI1WILGQBZ6808,6jujww,2023-04-21
Y0W3K7OV6ZLILW96OO3K,2se51h,2023-04-21
LTRZRCI4M19WYVL6Q6L5,of8rvg,2023-04-21
Y0W3K7OV6ZLILW96OO3K,c9hjca,2023-04-21
6X20RDH567MX2X3TXYJ7,r3u99h,2023-04-21
KD9PHCBGYFBRI9ET1O9R,qrg765,2023-04-21
62FIK8F2YT8JSFDBLEC9,3jax7g,2023-04-21
IDOFCO721HTJGDH7332G,8211cf,2023-04-21
KD9PHCBGYFBRI9ET1O9R,strtys,2023-04-21
EN1SA43DTN2LIR8DEW5S,jmzzyu,2023-04-21
M0LU6DCI1WILGQBZ6808,70rpxq,2023-04-21
M0LU6DCI1WILGQBZ6808,kqr80w,2023-04-21
P41C5HK4P2G5GFRMT6ZA,9eaosn,2023-04-21
5E325T5HYL61QSABVR5V,bngzct,2023-04-21
K6Z0X85ZUY0TSF4RCG5J,cx1wem,2023-04-21
LTRZRCI4M19WYVL6Q6L5,o3ocgx,2023-04-21
M0LU6DCI1WILGQBZ6808,0wgtg4,2023-04-21
GXLKAA83238FVRU718EX,pyxbuv,2023-04-21
6X20RDH567MX2X3TXYJ7,8m4bqi,2023-04-21
6X20RDH567MX2X3TXYJ7,w0gxod,2023-04-21
K6Z0X85ZUY0TSF4RCG5J,jgpedb,2023-04-21
6X20RDH567MX2X3TXYJ7,gfc4e1,2023-04-21
Y0W3K7OV6ZLILW96OO3K,qcytym,2023-04-21
62FIK8F2YT8JSFDBLEC9,xgo54p,2023-04-21
M0LU6DCI1WILGQBZ6808,2gesrt,2023-04-21
Y0W3K7OV6ZLILW96OO3K,sh2oub,2023-04-21
6X20RDH567MX2X3TXYJ7,cmk364,2023-04-21
SOVPFK3BBWKTQM9HOHWJ,zqxxol,2023-04-21
K6Z0X85ZUY0TSF4RCG5J,dwwwh6,2023-04-21
AK81O7W3KGPEN8LABG2N,65qped,2023-04-21
LTRZRCI4M19WYVL6Q6L5,18yu52,2023-04-21
5E325T5HYL61QSABVR5V,kavtv1,2023-04-21
KD9PHCBGYFBRI9ET1O9R,lei1ep,2023-04-21
2WPF1NXECF3G6NUMWDO7,z7nmy5,2023-04-21
LTRZRCI4M19WYVL6Q6L5,vzmxj9,2023-04-21
8C88YB6E8YCGWU07HA7A,9fdnnn,2023-04-21
5E325T5HYL61QSABVR5V,4kpp2k,2023-04-21
SOVPFK3BBWKTQM9HOHWJ,jaz6pj,2023-04-21
5E325T5HYL61QSABVR5V,bc0qbe,2023-04-21
Y0W3K7OV6ZLILW96OO3K,r66oka,2023-04-21
SOVPFK3BBWKTQM9HOHWJ,89l5lp,2023-04-21
SOVPFK3BBWKTQM9HOHWJ,na81dk,2023-04-21
6X20RDH567MX2X3TXYJ7,4ntlsd,2023-04-21
IOBPI63RBJIHI5FB7U9O,2r5uh4,2023-04-21
SOVPFK3BBWKTQM9HOHWJ,dl42xz,2023-04-21
LTRZRCI4M19WYVL6Q6L5,e1r9or,2023-04-21
P41C5HK4P2G5GFRMT6ZA,nppd8v,2023-04-21
5E325T5HYL61QSABVR5V,apgv0b,2023-04-21
62FIK8F2YT8JSFDBLEC9,e0bwds,2023-04-21
6X20RDH567MX2X3TXYJ7,xyrvbx,2023-04-21
OY5LNPB5A8FF43ITRZG3,92pvye,2023-04-21
OY5LNPB5A8FF43ITRZG3,6l09xs,2023-04-21
EN1SA43DTN2LIR8DEW5S,f0lqdu,2023-04-21
SOVPFK3BBWKTQM9HOHWJ,xwemga,2023-04-21
LTRZRCI4M19WYVL6Q6L5,26lbt9,2023-04-21
KD9PHCBGYFBRI9ET1O9R,lb564t,2023-04-21
EN1SA43DTN2LIR8DEW5S,zs345h,2023-04-21
AK81O7W3KGPEN8LABG2N,pbi9xs,2023-04-21
K6Z0X85ZUY0TSF4RCG5J,zkxs23,2023-04-21
P41C5HK4P2G5GFRMT6ZA,o38zd3,2023-04-21
KD9PHCBGYFBRI9ET1O9R,ka9uca,2023-04-21
2WPF1NXECF3G6NUMWDO7,39m7cv,2023-04-21
LTRZRCI4M19WYVL6Q6L5,xwtskt,2023-04-21
62FIK8F2YT8JSFDBLEC9,s5jjxg,2023-04-21
KD9PHCBGYFBRI9ET1O9R,rtdffj,2023-04-21
IOBPI63RBJIHI5FB7U9O,zzu6cr,2023-04-21
LW045DVYSGRD75TK6U54,0d67kc,2023-04-21
M0LU6DCI1WILGQBZ6808,kc722i,2023-04-21
6X20RDH567MX2X3TXYJ7,vuispu,2023-04-21
K6Z0X85ZUY0TSF4RCG5J,57w44r,2023-04-21
SOVPFK3BBWKTQM9HOHWJ,htv7hv,2023-04-21
EN1SA43DTN2LIR8DEW5S,efaz7o,2023-04-21
LTRZRCI4M19WYVL6Q6L5,ndhwyv,2023-04-21
K6Z0X85ZUY0TSF4RCG5J,hwfdxi,2023-04-21
AK81O7W3KGPEN8LABG2N,x273up,2023-04-21
LTRZRCI4M19WYVL6Q6L5,vx764u,2023-04-21
OY5LNPB5A8FF43ITRZG3,h6n78t,2023-04-21
IDOFCO721HTJGDH7332G,4ba2ub,2023-04-21
5E325T5HYL61QSABVR5V,u981g8,2023-04-21
8C88YB6E8YCGWU07HA7A,c7vopi,2023-04-21
IOBPI63RBJIHI5FB7U9O,15hcm8,2023-04-21
OAGTYWN8WFC997VLDJH7,mw25yv,2023-04-21
LW045DVYSGRD75TK6U54,qlr38j,2023-04-21
62FIK8F2YT8JSFDBLEC9,cjzsuj,2023-04-21
IOBPI63RBJIHI5FB7U9O,it8du3,2023-04-21
M0LU6DCI1WILGQBZ6808,02uw1c,2023-04-21
P41C5HK4P2G5GFRMT6ZA,sb2f6f,2023-04-21
2WPF1NXECF3G6NUMWDO7,5etj93,2023-04-21
LTRZRCI4M19WYVL6Q6L5,r2e2i7,2023-04-21
AK81O7W3KGPEN8LABG2N,zvkgzx,2023-04-21
62FIK8F2YT8JSFDBLEC9,4bmxt1,2023-04-21
M0LU6DCI1WILGQBZ6808,f36qfs,2023-04-21
5E325T5HYL61QSABVR5V,rf05b3,2023-04-21
8C88YB6E8YCGWU07HA7A,1ndm85,2023-04-21
Y0W3K7OV6ZLILW96OO3K,teqdel,2023-04-21
5E325T5HYL61QSABVR5V,mtnlhs,2023-04-21
K6Z0X85ZUY0TSF4RCG5J,z1z80j,2023-04-21
62FIK8F2YT8JSFDBLEC9,5a75br,2023-04-21
LW045DVYSGRD75TK6U54,eud806,2023-04-21
OY5LNPB5A8FF43ITRZG3,i9zdfd,2023-04-21
P41C5HK4P2G5GFRMT6ZA,916j6g,2023-04-21
SOVPFK3BBWKTQM9HOHWJ,89l5lp,2023-04-21
2WPF1NXECF3G6NUMWDO7,b6r0i1,2023-04-21
62FIK8F2YT8JSFDBLEC9,vghuxs,2023-04-21
5E325T5HYL61QSABVR5V,u1uwa6,2023-04-21
P41C5HK4P2G5GFRMT6ZA,9ww166,2023-04-21
OAGTYWN8WFC997VLDJH7,qe938p,2023-04-21
AK81O7W3KGPEN8LABG2N,5mhwew,2023-04-21
5E325T5HYL61QSABVR5V,b84pqo,2023-04-21
AK81O7W3KGPEN8LABG2N,tbjmss,2023-04-21
LW045DVYSGRD75TK6U54,4f2jcw,2023-04-21
P41C5HK4P2G5GFRMT6ZA,pnt5mz,2023-04-21
OAGTYWN8WFC997VLDJH7,trv2xo,2023-04-21
6X20RDH567MX2X3TXYJ7,dz4kbq,2023-04-21
P41C5HK4P2G5GFRMT6ZA,h83rnp,2023-04-21
EN1SA43DTN2LIR8DEW5S,71fmnt,2023-04-21
8C88YB6E8YCGWU07HA7A,x9vr4k,2023-04-21
2WPF1NXECF3G6NUMWDO7,5etj93,2023-04-21
K6Z0X85ZUY0TSF4RCG5J,27ob5e,2023-04-21
5E325T5HYL61QSABVR5V,riwoau,2023-04-21
OY5LNPB5A8FF43ITRZG3,3kw00c,2023-04-21
IOBPI63RBJIHI5FB7U9O,un724n,2023-04-21
SOVPFK3BBWKTQM9HOHWJ,d9o4jq,2023-04-21
OY5LNPB5A8FF43ITRZG3,mou8on,2023-04-21
OAGTYWN8WFC997VLDJH7,ymsdmd,2023-04-21
62FIK8F2YT8JSFDBLEC9,4bgz2y,2023-04-21
KD9PHCBGYFBRI9ET1O9R,d44vup,2023-04-21
KD9PHCBGYFBRI9ET1O9R,4ozoor,2023-04-21
AK81O7W3KGPEN8LABG2N,qwva9i,2023-04-21
M0LU6DCI1WILGQBZ6808,tt6o15,2023-04-21
M0LU6DCI1WILGQBZ6808,2p4plx,2023-04-21
LW045DVYSGRD75TK6U54,frbnmw,2023-04-21
8C88YB6E8YCGWU07HA7A,sthlun,2023-04-21
AK81O7W3KGPEN8LABG2N,nlsjnq,2023-04-21
IOBPI63RBJIHI5FB7U9O,pvfsnl,2023-04-21
IOBPI63RBJIHI5FB7U9O,sg6sru,2023-04-21
Y0W3K7OV6ZLILW96OO3K,8kal1o,2023-04-21
IDOFCO721HTJGDH7332G,1761jl,2023-04-21
KD9PHCBGYFBRI9ET1O9R,0z1xm9,2023-04-21
K6Z0X85ZUY0TSF4RCG5J,kzelqs,2023-04-21
62FIK8F2YT8JSFDBLEC9,b4ffyf,2023-04-21
IDOFCO721HTJGDH7332G,bwtnp5,2023-04-21
OY5LNPB5A8FF43ITRZG3,cnttsu,2023-04-21
EN1SA43DTN2LIR8DEW5S,osw36t,2023-04-21
LTRZRCI4M19WYVL6Q6L5,4ya4w3,2023-04-21
Y0W3K7OV6ZLILW96OO3K,lwd3ya,2023-04-21
5E325T5HYL61QSABVR5V,3uz2ry,2023-04-21
LTRZRCI4M19WYVL6Q6L5,brkn3q,2023-04-21
GXLKAA83238FVRU718EX,3fsd42,2023-04-21
OY5LNPB5A8FF43ITRZG3,83pl8y,2023-04-21
5E325T5HYL61QSABVR5V,v76zoq,2023-04-21
6X20RDH567MX2X3TXYJ7,pl4vz0,2023-04-21
2WPF1NXECF3G6NUMWDO7,edgawy,2023-04-21
IDOFCO721HTJGDH7332G,oni67j,2023-04-21
LTRZRCI4M19WYVL6Q6L5,7zu0nf,2023-04-21
P41C5HK4P2G5GFRMT6ZA,hln6ja,2023-04-21
M0LU6DCI1WILGQBZ6808,72bvrv,2023-04-21
8C88YB6E8YCGWU07HA7A,k3sixh,2023-04-21
Y0W3K7OV6ZLILW96OO3K,f2o0tw,2023-04-21
OY5LNPB5A8FF43ITRZG3,pl2s1d,2023-04-21
OY5LNPB5A8FF43ITRZG3,i9zdfd,2023-04-21
GXLKAA83238FVRU718EX,04hpox,2023-04-21
AK81O7W3KGPEN8LABG2N,c9o9ch,2023-04-21
M0LU6DCI1WILGQBZ6808,klott1,2023-04-21
OY5LNPB5A8FF43ITRZG3,nfy4pa,2023-04-21
8C88YB6E8YCGWU07HA7A,twmsof,2023-04-21
5E325T5HYL61QSABVR5V,xy0yyf,2023-04-21
OY5LNPB5A8FF43ITRZG3,gj43an,2023-04-21
LTRZRCI4M19WYVL6Q6L5,9ov9x2,2023-04-21
K6Z0X85ZUY0TSF4RCG5J,5ok4q9,2023-04-21
62FIK8F2YT8JSFDBLEC9,4bmxt1,2023-04-21
LTRZRCI4M19WYVL6Q6L5,8208py,2023-04-21
AK81O7W3KGPEN8LABG2N,q2beqa,2023-04-21
AK81O7W3KGPEN8LABG2N,e30xje,2023-04-21
8C88YB6E8YCGWU07HA7A,u2c2jz,2023-04-21
LW045DVYSGRD75TK6U54,60jcl8,2023-04-21
Y0W3K7OV6ZLILW96OO3K,fahicw,2023-04-21
P41C5HK4P2G5GFRMT6ZA,j0y16y,2023-04-21
OY5LNPB5A8FF43ITRZG3,3kw00c,2023-04-21
LW045DVYSGRD75TK6U54,queax8,2023-04-21
62FIK8F2YT8JSFDBLEC9,e0bwds,2023-04-21
GXLKAA83238FVRU718EX,n0jdxr,2023-04-21
IOBPI63RBJIHI5FB7U9O,ozasnp,2023-04-21
6X20RDH567MX2X3TXYJ7,7aftv3,2023-04-21
OY5LNPB5A8FF43ITRZG3,43hkqt,2023-04-21
5E325T5HYL61QSABVR5V,z2d3rw,2023-04-21
LTRZRCI4M19WYVL6Q6L5,pzle8q,2023-04-21
OAGTYWN8WFC997VLDJH7,0pdrve,2023-04-21
2WPF1NXECF3G6NUMWDO7,jarowj,2023-04-21
EN1SA43DTN2LIR8DEW5S,s67m9l,2023-04-21
5E325T5HYL61QSABVR5V,sgfd5g,2023-04-21
EN1SA43DTN2LIR8DEW5S,6zg16w,2023-04-21
LTRZRCI4M19WYVL6Q6L5,oxwt1g,2023-04-21
K6Z0X85ZUY0TSF4RCG5J,jgpedb,2023-04-21
KD9PHCBGYFBRI9ET1O9R,u1bxpj,2023-04-21
6X20RDH567MX2X3TXYJ7,gtpmkl,2023-04-21
IDOFCO721HTJGDH7332G,04xpt3,2023-04-21
6X20RDH567MX2X3TXYJ7,903oj3,2023-04-21
2WPF1NXECF3G6NUMWDO7,jxqlz7,2023-04-21
P41C5HK4P2G5GFRMT6ZA,7m20p6,2023-04-21
OAGTYWN8WFC997VLDJH7,ivxzov,2023-04-21
62FIK8F2YT8JSFDBLEC9,lyttha,2023-04-21
Y0W3K7OV6ZLILW96OO3K,szlbmo,2023-04-21
5E325T5HYL61QSABVR5V,mtluxp,2023-04-21
OAGTYWN8WFC997VLDJH7,ya7919,2023-04-21
OY5LNPB5A8FF43ITRZG3,249hh5,2023-04-21
8C88YB6E8YCGWU07HA7A,2uk6zv,2023-04-21
KD9PHCBGYFBRI9ET1O9R,1ldory,2023-04-21
OY5LNPB5A8FF43ITRZG3,ox5wxr,2023-04-21
GXLKAA83238FVRU718EX,c17ag8,2023-04-21
8C88YB6E8YCGWU07HA7A,uzdfz7,2023-04-21
EN1SA43DTN2LIR8DEW5S,opk4o7,2023-04-21
P41C5HK4P2G5GFRMT6ZA,06i57m,2023-04-21
GXLKAA83238FVRU718EX,l5hufx,2023-04-21
62FIK8F2YT8JSFDBLEC9,58v5ue,2023-04-21
5E325T5HYL61QSABVR5V,dqju3z,2023-04-21
SOVPFK3BBWKTQM9HOHWJ,shjvdj,2023-04-21
P41C5HK4P2G5GFRMT6ZA,7c1e26,2023-04-21
IDOFCO721HTJGDH7332G,0svqfc,2023-04-21
8C88YB6E8YCGWU07HA7A,65wtdx,2023-04-21
6X20RDH567MX2X3TXYJ7,ldhsh7,2023-04-21
OY5LNPB5A8FF43ITRZG3,249hh5,2023-04-21
KD9PHCBGYFBRI9ET1O9R,pfifwi,2023-04-21
P41C5HK4P2G5GFRMT6ZA,nv51ct,2023-04-21
OAGTYWN8WFC997VLDJH7,qnzwqb,2023-04-21
P41C5HK4P2G5GFRMT6ZA,huarrm,2023-04-21
IDOFCO721HTJGDH7332G,q6ck7s,2023-04-21
EN1SA43DTN2LIR8DEW5S,b5twm9,2023-04-21
K6Z0X85ZUY0TSF4RCG5J,2rv46m,2023-04-21
62FIK8F2YT8JSFDBLEC9,eqj5s6,2023-04-21
IOBPI63RBJIHI5FB7U9O,n2ovtj,2023-04-21
8C88YB6E8YCGWU07HA7A,yxyi6f,2023-04-21
KD9PHCBGYFBRI9ET1O9R,rtdffj,2023-04-21
K6Z0X85ZUY0TSF4RCG5J,vsf3ay,2023-04-21
IDOFCO721HTJGDH7332G,gc94lj,2023-04-21
M0LU6DCI1WILGQBZ6808,p3tlh7,2023-04-21
Y0W3K7OV6ZLILW96OO3K,rbc28n,2023-04-21
62FIK8F2YT8JSFDBLEC9,stumy1,2023-04-21
62FIK8F2YT8JSFDBLEC9,ivscek,2023-04-21
IDOFCO721HTJGDH7332G,crca2p,2023-04-21
IOBPI63RBJIHI5FB7U9O,zmttuk,2023-04-21
62FIK8F2YT8JSFDBLEC9,irrk9f,2023-04-21
8C88YB6E8YCGWU07HA7A,uuzvwo,2023-04-21
LTRZRCI4M19WYVL6Q6L5,9ov9x2,2023-04-21
P41C5HK4P2G5GFRMT6ZA,pnt5mz,2023-04-21
2WPF1NXECF3G6NUMWDO7,y5hc6n,2023-04-21
M0LU6DCI1WILGQBZ6808,tibvi5,2023-04-21
AK81O7W3KGPEN8LABG2N,5i3750,2023-04-21
GXLKAA83238FVRU718EX,96zrkb,2023-04-21
AK81O7W3KGPEN8LABG2N,vwvi2z,2023-04-21
6X20RDH567MX2X3TXYJ7,4vesw3,2023-04-21
Y0W3K7OV6ZLILW96OO3K,qidyau,2023-04-21
5E325T5HYL61QSABVR5V,em6e7r,2023-04-21
P41C5HK4P2G5GFRMT6ZA,pc9g2u,2023-04-21
KD9PHCBGYFBRI9ET1O9R,nd03f5,2023-04-21
OAGTYWN8WFC997VLDJH7,gofcdz,2023-04-21
K6Z0X85ZUY0TSF4RCG5J,cx1wem,2023-04-21
Y0W3K7OV6ZLILW96OO3K,fahicw,2023-04-21
IOBPI63RBJIHI5FB7U9O,72e32j,2023-04-21
GXLKAA83238FVRU718EX,q795h3,2023-04-21
GXLKAA83238FVRU718EX,44knfj,2023-04-21
LW045DVYSGRD75TK6U54,yntzgb,2023-04-21
LW045DVYSGRD75TK6U54,fdu1g4,2023-04-21
K6Z0X85ZUY0TSF4RCG5J,5ok4q9,2023-04-21
M0LU6DCI1WILGQBZ6808,y9yacu,2023-04-21
EN1SA43DTN2LIR8DEW5S,ru5qzn,2023-04-21
Y0W3K7OV6ZLILW96OO3K,4xp2ib,2023-04-21
OAGTYWN8WFC997VLDJH7,if862u,2023-04-21
IDOFCO721HTJGDH7332G,vio4xa,2023-04-21
P41C5HK4P2G5GFRMT6ZA,p4xxbn,2023-04-21
K6Z0X85ZUY0TSF4RCG5J,vru8v8,2023-04-21
5E325T5HYL61QSABVR5V,v76zoq,2023-04-21
P41C5HK4P2G5GFRMT6ZA,2b32wi,2023-04-21
2WPF1NXECF3G6NUMWDO7,vk00xu,2023-04-21
LW045DVYSGRD75TK6U54,frbnmw,2023-04-21
OY5LNPB5A8FF43ITRZG3,cpmdka,2023-04-21
LTRZRCI4M19WYVL6Q6L5,d2fb4c,2023-04-21
KD9PHCBGYFBRI9ET1O9R,w3us5w,2023-04-21
P41C5HK4P2G5GFRMT6ZA,q9f1q2,2023-04-21
OAGTYWN8WFC997VLDJH7,osyamx,2023-04-21
KD9PHCBGYFBRI9ET1O9R,icg36w,2023-04-21
K6Z0X85ZUY0TSF4RCG5J,j95gw7,2023-04-21
62FIK8F2YT8JSFDBLEC9,8f7mzk,2023-04-21
62FIK8F2YT8JSFDBLEC9,vphzs8,2023-04-21
M0LU6DCI1WILGQBZ6808,5zmptw,2023-04-21
OY5LNPB5A8FF43ITRZG3,usg03r,2023-04-21
SOVPFK3BBWKTQM9HOHWJ,847yto,2023-04-21
OAGTYWN8WFC997VLDJH7,mw25yv,2023-04-21
P41C5HK4P2G5GFRMT6ZA,8objx2,2023-04-21
62FIK8F2YT8JSFDBLEC9,816w0p,2023-04-21
OY5LNPB5A8FF43ITRZG3,usg03r,2023-04-21
K6Z0X85ZUY0TSF4RCG5J,usga8i,2023-04-21
8C88YB6E8YCGWU07HA7A,ajn09t,2023-04-21
EN1SA43DTN2LIR8DEW5S,gn030p,2023-04-21
IOBPI63RBJIHI5FB7U9O,izr26u,2023-04-21
KD9PHCBGYFBRI9ET1O9R,5ltfx0,2023-04-21
5E325T5HYL61QSABVR5V,9wdhbv,2023-04-21
IOBPI63RBJIHI5FB7U9O,hxq5fv,2023-04-21
6X20RDH567MX2X3TXYJ7,euzzmk,2023-04-21
AK81O7W3KGPEN8LABG2N,gjlqc7,2023-04-21
5E325T5HYL61QSABVR5V,i8pzqi,2023-04-21
SOVPFK3BBWKTQM9HOHWJ,5yhh1q,2023-04-21
GXLKAA83238FVRU718EX,atuwe1,2023-04-21
GXLKAA83238FVRU718EX,mejm49,2023-04-21
AK81O7W3KGPEN8LABG2N,fo2is5,2023-04-21
8C88YB6E8YCGWU07HA7A,obbiob,2023-04-21
62FIK8F2YT8JSFDBLEC9,cjzsuj,2023-04-21
Y0W3K7OV6ZLILW96OO3K,qnm5qd,2023-04-21
8C88YB6E8YCGWU07HA7A,a9zk9m,2023-04-21
6X20RDH567MX2X3TXYJ7,cmk364,2023-04-21
OY5LNPB5A8FF43ITRZG3,rs7qq7,2023-04-21
LTRZRCI4M19WYVL6Q6L5,om3osx,2023-04-21
IDOFCO721HTJGDH7332G,5g65si,2023-04-21
5E325T5HYL61QSABVR5V,t5ujd9,2023-04-21
SOVPFK3BBWKTQM9HOHWJ,ucxewj,2023-04-21
2WPF1NXECF3G6NUMWDO7,c1ah0e,2023-04-21
IDOFCO721HTJGDH7332G,pbooeb,2023-04-21
2WPF1NXECF3G6NUMWDO7,nwc70e,2023-04-21
LTRZRCI4M19WYVL6Q6L5,bnxv04,2023-04-21
5E325T5HYL61QSABVR5V,bngzct,2023-04-21
6X20RDH567MX2X3TXYJ7,6692b4,2023-04-21
LW045DVYSGRD75TK6U54,c4r740,2023-04-21
K6Z0X85ZUY0TSF4RCG5J,buvw1e,2023-04-21
2WPF1NXECF3G6NUMWDO7,5etj93,2023-04-21
OY5LNPB5A8FF43ITRZG3,pl2s1d,2023-04-21
5E325T5HYL61QSABVR5V,zat5k1,2023-04-21
IOBPI63RBJIHI5FB7U9O,h97kq5,2023-04-21
5E325T5HYL61QSABVR5V,n76q39,2023-04-21
GXLKAA83238FVRU718EX,7knk4n,2023-04-21
IOBPI63RBJIHI5FB7U9O,hzehkg,2023-04-21
KD9PHCBGYFBRI9ET1O9R,r9md9q,2023-04-21
EN1SA43DTN2LIR8DEW5S,5iddog,2023-04-21
KD9PHCBGYFBRI9ET1O9R,qs3n4t,2023-04-21
5E325T5HYL61QSABVR5V,vt50c4,2023-04-21
LW045DVYSGRD75TK6U54,qsuxtu,2023-04-21
OY5LNPB5A8FF43ITRZG3,7awhd1,2023-04-21
M0LU6DCI1WILGQBZ6808,j0s43o,2023-04-21
KD9PHCBGYFBRI9ET1O9R,l16c5a,2023-04-21
OAGTYWN8WFC997VLDJH7,ljxul5,2023-04-21
AK81O7W3KGPEN8LABG2N,zn5sl3,2023-04-21
LTRZRCI4M19WYVL6Q6L5,c2abj7,2023-04-21
LW045DVYSGRD75TK6U54,k4gky9,2023-04-21
6X20RDH567MX2X3TXYJ7,y18sqy,2023-04-21
K6Z0X85ZUY0TSF4RCG5J,nbbs8g,2023-04-21
Y0W3K7OV6ZLILW96OO3K,dinjn2,2023-04-21
LTRZRCI4M19WYVL6Q6L5,687gj1,2023-04-21
OAGTYWN8WFC997VLDJH7,0pdrve,2023-04-21
OAGTYWN8WFC997VLDJH7,6b2wh4,2023-04-21
62FIK8F2YT8JSFDBLEC9,q5vdyk,2023-04-21
K6Z0X85ZUY0TSF4RCG5J,nfuf66,2023-04-21
IOBPI63RBJIHI5FB7U9O,ebp84f,2023-04-21
KD9PHCBGYFBRI9ET1O9R,93fokj,2023-04-21
SOVPFK3BBWKTQM9HOHWJ,ucxewj,2023-04-21
Y0W3K7OV6ZLILW96OO3K,rbc28n,2023-04-21
5E325T5HYL61QSABVR5V,drwcbw,2023-04-21
6X20RDH567MX2X3TXYJ7,4ekzj0,2023-04-21
6X20RDH567MX2X3TXYJ7,nbw6wl,2023-04-21
OY5LNPB5A8FF43ITRZG3,5t9ynd,2023-04-21
IOBPI63RBJIHI5FB7U9O,f1sjr9,2023-04-21
62FIK8F2YT8JSFDBLEC9,jpmrdx,2023-04-21
K6Z0X85ZUY0TSF4RCG5J,7ei6um,2023-04-21
IOBPI63RBJIHI5FB7U9O,hxq5fv,2023-04-21
5E325T5HYL61QSABVR5V,hn0hm2,2023-04-21
SOVPFK3BBWKTQM9HOHWJ,qgmxv8,2023-04-21
KD9PHCBGYFBRI9ET1O9R,tl83qg,2023-04-21
KD9PHCBGYFBRI9ET1O9R,yki41z,2023-04-21
P41C5HK4P2G5GFRMT6ZA,w9zct6,2023-04-21
62FIK8F2YT8JSFDBLEC9,vghuxs,2023-04-21
8C88YB6E8YCGWU07HA7A,uzdfz7,2023-04-21
8C88YB6E8YCGWU07HA7A,5flymj,2023-04-21
5E325T5HYL61QSABVR5V,mtluxp,2023-04-21
62FIK8F2YT8JSFDBLEC9,tqoxuo,2023-04-21
Y0W3K7OV6ZLILW96OO3K,y9pca2,2023-04-21
LW045DVYSGRD75TK6U54,3uunpy,2023-04-21
8C88YB6E8YCGWU07HA7A,c3nhtl,2023-04-21
KD9PHCBGYFBRI9ET1O9R,tssbie,2023-04-21
EN1SA43DTN2LIR8DEW5S,6jn2gv,2023-04-21
IDOFCO721HTJGDH7332G,88i2x0,2023-04-21
OY5LNPB5A8FF43ITRZG3,0gm4js,2023-04-21
Y0W3K7OV6ZLILW96OO3K,7i291l,2023-04-21
KD9PHCBGYFBRI9ET1O9R,9o0u03,2023-04-21
OAGTYWN8WFC997VLDJH7,89cf8m,2023-04-21
OY5LNPB5A8FF43ITRZG3,3zbxdn,2023-04-21
LTRZRCI4M19WYVL6Q6L5,si0vhg,2023-04-21
OAGTYWN8WFC997VLDJH7,if862u,2023-04-21
5E325T5HYL61QSABVR5V,zyzuqj,2023-04-21
KD9PHCBGYFBRI9ET1O9R,ikox0w,2023-04-21
5E325T5HYL61QSABVR5V,muixf6,2023-04-21
KD9PHCBGYFBRI9ET1O9R,7aooy8,2023-04-21
K6Z0X85ZUY0TSF4RCG5J,rh19rz,2023-04-21
OAGTYWN8WFC997VLDJH7,qe938p,2023-04-21
KD9PHCBGYFBRI9ET1O9R,u46fl3,2023-04-21
IDOFCO721HTJGDH7332G,gc94lj,2023-04-21
8C88YB6E8YCGWU07HA7A,edap34,2023-04-21
SOVPFK3BBWKTQM9HOHWJ,pkzd0t,2023-04-21
Y0W3K7OV6ZLILW96OO3K,qnm5qd,2023-04-21
IOBPI63RBJIHI5FB7U9O,o4luxv,2023-04-21
EN1SA43DTN2LIR8DEW5S,mdacbq,2023-04-21
P41C5HK4P2G5GFRMT6ZA,916j6g,2023-04-21
M0LU6DCI1WILGQBZ6808,fcma0p,2023-04-21
62FIK8F2YT8JSFDBLEC9,r2cm1m,2023-04-21
62FIK8F2YT8JSFDBLEC9,ig5u8t,2023-04-21
LW045DVYSGRD75TK6U54,27p5ao,2023-04-21
OAGTYWN8WFC997VLDJH7,nbisvy,2023-04-21
62FIK8F2YT8JSFDBLEC9,ucm9vh,2023-04-21
M0LU6DCI1WILGQBZ6808,8ozmrg,2023-04-21
Y0W3K7OV6ZLILW96OO3K,2nxt2v,2023-04-21
AK81O7W3KGPEN8LABG2N,vnbt55,2023-04-21
IOBPI63RBJIHI5FB7U9O,dqfj5c,2023-04-21
62FIK8F2YT8JSFDBLEC9,63h7my,2023-04-21
M0LU6DCI1WILGQBZ6808,2gesrt,2023-04-21
SOVPFK3BBWKTQM9HOHWJ,60qv3n,2023-04-21
8C88YB6E8YCGWU07HA7A,a9zk9m,2023-04-21
62FIK8F2YT8JSFDBLEC9,63h7my,2023-04-21
2WPF1NXECF3G6NUMWDO7,s9qni3,2023-04-21
K6Z0X85ZUY0TSF4RCG5J,zkxs23,2023-04-21
62FIK8F2YT8JSFDBLEC9,wldmfv,2023-04-21
GXLKAA83238FVRU718EX,jaez34,2023-04-21
OAGTYWN8WFC997VLDJH7,mw25yv,2023-04-21
IDOFCO721HTJGDH7332G,iprb5k,2023-04-21
2WPF1NXECF3G6NUMWDO7,hkgnre,2023-04-21
AK81O7W3KGPEN8LABG2N,qwdsdh,2023-04-21
5E325T5HYL61QSABVR5V,izzvj5,2023-04-21
2WPF1NXECF3G6NUMWDO7,t3lodn,2023-04-21
LTRZRCI4M19WYVL6Q6L5,otl158,2023-04-21
Y0W3K7OV6ZLILW96OO3K,txhefn,2023-04-21
K6Z0X85ZUY0TSF4RCG5J,5d4nzk,2023-04-21
GXLKAA83238FVRU718EX,vmd6hg,2023-04-21
Y0W3K7OV6ZLILW96OO3K,xtb1o1,2023-04-21
IDOFCO721HTJGDH7332G,udc3q8,2023-04-21
GXLKAA83238FVRU718EX,uma6f2,2023-04-21
K6Z0X85ZUY0TSF4RCG5J,f16ez2,2023-04-21
62FIK8F2YT8JSFDBLEC9,alxbtr,2023-04-21
62FIK8F2YT8JSFDBLEC9,rysfqv,2023-04-21
LTRZRCI4M19WYVL6Q6L5,5pkkp2,2023-04-21
Y0W3K7OV6ZLILW96OO3K,vn8mdt,2023-04-21
LW045DVYSGRD75TK6U54,kus71a,2023-04-21
LTRZRCI4M19WYVL6Q6L5,ndhwyv,2023-04-21
EN1SA43DTN2LIR8DEW5S,dv2b6m,2023-04-21
AK81O7W3KGPEN8LABG2N,umarxt,2023-04-21
EN1SA43DTN2LIR8DEW5S,b448dh,2023-04-21
OAGTYWN8WFC997VLDJH7,mqdfaf,2023-04-21
M0LU6DCI1WILGQBZ6808,dyqi0m,2023-04-21
AK81O7W3KGPEN8LABG2N,pf9ylb,2023-04-21
IDOFCO721HTJGDH7332G,o4gudb,2023-04-21
62FIK8F2YT8JSFDBLEC9,bb8g4l,2023-04-21
EN1SA43DTN2LIR8DEW5S,3xmpti,2023-04-21
OY5LNPB5A8FF43ITRZG3,mnpqki,2023-04-21
K6Z0X85ZUY0TSF4RCG5J,z6kjfm,2023-04-21
OAGTYWN8WFC997VLDJH7,be925a,2023-04-21
2WPF1NXECF3G6NUMWDO7,eaf7bk,2023-04-21
P41C5HK4P2G5GFRMT6ZA,elbbze,2023-04-21
LTRZRCI4M19WYVL6Q6L5,rhnrne,2023-04-21
GXLKAA83238FVRU718EX,ycwvfj,2023-04-21
IOBPI63RBJIHI5FB7U9O,ozasnp,2023-04-21
IDOFCO721HTJGDH7332G,x33ii5,2023-04-21
IDOFCO721HTJGDH7332G,al3rzb,2023-04-21
2WPF1NXECF3G6NUMWDO7,axwnqs,2023-04-21
2WPF1NXECF3G6NUMWDO7,igiyhv,2023-04-21
P41C5HK4P2G5GFRMT6ZA,bk64ft,2023-04-21
62FIK8F2YT8JSFDBLEC9,5a75br,2023-04-21
AK81O7W3KGPEN8LABG2N,ib5gq3,2023-04-21
OAGTYWN8WFC997VLDJH7,ap4tbm,2023-04-21
M0LU6DCI1WILGQBZ6808,nxief0,2023-04-21
OAGTYWN8WFC997VLDJH7,cvqv40,2023-04-21
LW045DVYSGRD75TK6U54,kwznhy,2023-04-21
8C88YB6E8YCGWU07HA7A,unjs1p,2023-04-21
M0LU6DCI1WILGQBZ6808,2f2r0r,2023-04-21
Y0W3K7OV6ZLILW96OO3K,xtb1o1,2023-04-21
P41C5HK4P2G5GFRMT6ZA,9eaosn,2023-04-21
M0LU6DCI1WILGQBZ6808,w8vn3a,2023-04-21
EN1SA43DTN2LIR8DEW5S,wx3gyh,2023-04-21
EN1SA43DTN2LIR8DEW5S,kj6tl7,2023-04-21
8C88YB6E8YCGWU07HA7A,h65ewh,2023-04-21
KD9PHCBGYFBRI9ET1O9R,d44vup,2023-04-21
P41C5HK4P2G5GFRMT6ZA,y0qfjv,2023-04-21
8C88YB6E8YCGWU07HA7A,eb51yy,2023-04-21
Y0W3K7OV6ZLILW96OO3K,ekrojd,2023-04-21
AK81O7W3KGPEN8LABG2N,e30xje,2023-04-21
P41C5HK4P2G5GFRMT6ZA,uyrvpv,2023-04-21
OY5LNPB5A8FF43ITRZG3,rs7qq7,2023-04-21
K6Z0X85ZUY0TSF4RCG5J,x92fi0,2023-04-21
P41C5HK4P2G5GFRMT6ZA,y1gdyg,2023-04-21
M0LU6DCI1WILGQBZ6808,q6hbry,2023-04-21
OAGTYWN8WFC997VLDJH7,t1mx3j,2023-04-21
OAGTYWN8WFC997VLDJH7,pf9vuv,2023-04-21
SOVPFK3BBWKTQM9HOHWJ,6qe0ua,2023-04-21
LTRZRCI4M19WYVL6Q6L5,2zx4m2,2023-04-21
M0LU6DCI1WILGQBZ6808,fhqsj9,2023-04-21
EN1SA43DTN2LIR8DEW5S,0zhiti,2023-04-21
AK81O7W3KGPEN8LABG2N,dubjwt,2023-04-21
GXLKAA83238FVRU718EX,l5hufx,2023-04-21
2WPF1NXECF3G6NUMWDO7,edgawy,2023-04-21
IOBPI63RBJIHI5FB7U9O,k6g4m3,2023-04-21
P41C5HK4P2G5GFRMT6ZA,2b32wi,2023-04-21
LTRZRCI4M19WYVL6Q6L5,xyzz80,2023-04-21
5E325T5HYL61QSABVR5V,umiaij,2023-04-21
IOBPI63RBJIHI5FB7U9O,n2ovtj,2023-04-21
6X20RDH567MX2X3TXYJ7,w1elyd,2023-04-21
5E325T5HYL61QSABVR5V,q26rdd,2023-04-21
IDOFCO721HTJGDH7332G,4nw8r6,2023-04-21
K6Z0X85ZUY0TSF4RCG5J,qrga62,2023-04-21
5E325T5HYL61QSABVR5V,zat5k1,2023-04-21
8C88YB6E8YCGWU07HA7A,f4jnan,2023-04-21
IDOFCO721HTJGDH7332G,v8qm6y,2023-04-21
62FIK8F2YT8JSFDBLEC9,coe4yw,2023-04-21
KD9PHCBGYFBRI9ET1O9R,kiiln1,2023-04-21
GXLKAA83238FVRU718EX,4lx5s2,2023-04-21
2WPF1NXECF3G6NUMWDO7,w7pul2,2023-04-21
2WPF1NXECF3G6NUMWDO7,boj69r,2023-04-21
Y0W3K7OV6ZLILW96OO3K,u8dg3y,2023-04-21
5E325T5HYL61QSABVR5V,ovnsyp,2023-04-21
OAGTYWN8WFC997VLDJH7,usl99a,2023-04-21
EN1SA43DTN2LIR8DEW5S,hm3916,2023-04-21
IDOFCO721HTJGDH7332G,o7vnfq,2023-04-21
SOVPFK3BBWKTQM9HOHWJ,gcbg2i,2023-04-21
M0LU6DCI1WILGQBZ6808,hbgtsn,2023-04-21
IOBPI63RBJIHI5FB7U9O,nmqadp,2023-04-21
P41C5HK4P2G5GFRMT6ZA,hln6ja,2023-04-21
Y0W3K7OV6ZLILW96OO3K,07k41h,2023-04-21
P41C5HK4P2G5GFRMT6ZA,qr6qjs,2023-04-21
GXLKAA83238FVRU718EX,5kdmbv,2023-04-21
K6Z0X85ZUY0TSF4RCG5J,s17mct,2023-04-21
AK81O7W3KGPEN8LABG2N,umarxt,2023-04-21
LTRZRCI4M19WYVL6Q6L5,of8rvg,2023-04-21
EN1SA43DTN2LIR8DEW5S,dgaj5d,2023-04-21
2WPF1NXECF3G6NUMWDO7,nnrrrs,2023-04-21
K6Z0X85ZUY0TSF4RCG5J,j7pej0,2023-04-21
6X20RDH567MX2X3TXYJ7,6zkwap,2023-04-21
5E325T5HYL61QSABVR5V,rf05b3,2023-04-21
AK81O7W3KGPEN8LABG2N,ucps03,2023-04-21
M0LU6DCI1WILGQBZ6808,5zmptw,2023-04-21
KD9PHCBGYFBRI9ET1O9R,k62ilu,2023-04-21
62FIK8F2YT8JSFDBLEC9,eqj5s6,2023-04-21
LTRZRCI4M19WYVL6Q6L5,vzmxj9,2023-04-21
P41C5HK4P2G5GFRMT6ZA,7m20p6,2023-04-21
62FIK8F2YT8JSFDBLEC9,o29xk8,2023-04-21
K6Z0X85ZUY0TSF4RCG5J,buvw1e,2023-04-21
OY5LNPB5A8FF43ITRZG3,pl2s1d,2023-04-21
62FIK8F2YT8JSFDBLEC9,vplwl8,2023-04-21
IOBPI63RBJIHI5FB7U9O,4p3kgz,2023-04-21
5E325T5HYL61QSABVR5V,apgv0b,2023-04-21
2WPF1NXECF3G6NUMWDO7,go7tb5,2023-04-21
P41C5HK4P2G5GFRMT6ZA,7c1e26,2023-04-21
5E325T5HYL61QSABVR5V,3uz2ry,2023-04-21
8C88YB6E8YCGWU07HA7A,h65ewh,2023-04-21
M0LU6DCI1WILGQBZ6808,f36qfs,2023-04-21
2WPF1NXECF3G6NUMWDO7,0ab8ts,2023-04-21
KD9PHCBGYFBRI9ET1O9R,uiaa95,2023-04-21
62FIK8F2YT8JSFDBLEC9,ivscek,2023-04-21
LTRZRCI4M19WYVL6Q6L5,vx764u,2023-04-21
62FIK8F2YT8JSFDBLEC9,hixmfj,2023-04-21
2WPF1NXECF3G6NUMWDO7,45fvr1,2023-04-21
KD9PHCBGYFBRI9ET1O9R,tdkki8,2023-04-21
EN1SA43DTN2LIR8DEW5S,b3wh4a,2023-04-21
6X20RDH567MX2X3TXYJ7,3veq5z,2023-04-21
AK81O7W3KGPEN8LABG2N,dubjwt,2023-04-21
IDOFCO721HTJGDH7332G,uxa3bm,2023-04-21
6X20RDH567MX2X3TXYJ7,jop08q,2023-04-21
GXLKAA83238FVRU718EX,96zrkb,2023-04-21
M0LU6DCI1WILGQBZ6808,e1upik,2023-04-21
6X20RDH567MX2X3TXYJ7,4j969v,2023-04-21
62FIK8F2YT8JSFDBLEC9,20zxlp,2023-04-21
6X20RDH567MX2X3TXYJ7,u8k5av,2023-04-21
SOVPFK3BBWKTQM9HOHWJ,xsdcyh,2023-04-21
6X20RDH567MX2X3TXYJ7,5op36z,2023-04-21
OY5LNPB5A8FF43ITRZG3,ntsnzb,2023-04-21
6X20RDH567MX2X3TXYJ7,8m4bqi,2023-04-21
LTRZRCI4M19WYVL6Q6L5,ndhwyv,2023-04-21
2WPF1NXECF3G6NUMWDO7,k42dsg,2023-04-21
SOVPFK3BBWKTQM9HOHWJ,d9o4jq,2023-04-21
KD9PHCBGYFBRI9ET1O9R,7untyo,2023-04-21
OY5LNPB5A8FF43ITRZG3,aoelr9,2023-04-21
OAGTYWN8WFC997VLDJH7,qe938p,2023-04-21
SOVPFK3BBWKTQM9HOHWJ,oncbuk,2023-04-21
LW045DVYSGRD75TK6U54,xq2mjn,2023-04-21
K6Z0X85ZUY0TSF4RCG5J,6lb0i9,2023-04-21
EN1SA43DTN2LIR8DEW5S,q6wmjg,2023-04-21
5E325T5HYL61QSABVR5V,dww6gf,2023-04-21
2WPF1NXECF3G6NUMWDO7,00ga8c,2023-04-21
8C88YB6E8YCGWU07HA7A,rk9x1r,2023-04-21
OY5LNPB5A8FF43ITRZG3,kuxtgo,2023-04-21
EN1SA43DTN2LIR8DEW5S,i22046,2023-04-21
IOBPI63RBJIHI5FB7U9O,op0unf,2023-04-21
M0LU6DCI1WILGQBZ6808,1ngj7w,2023-04-21
IOBPI63RBJIHI5FB7U9O,uw3ss4,2023-04-21
IOBPI63RBJIHI5FB7U9O,2r5uh4,2023-04-21
EN1SA43DTN2LIR8DEW5S,svowxw,2023-04-21
IOBPI63RBJIHI5FB7U9O,jwpvbh,2023-04-21
Y0W3K7OV6ZLILW96OO3K,09vgq7,2023-04-21
LW045DVYSGRD75TK6U54,qvwvkh,2023-04-21
LW045DVYSGRD75TK6U54,ryfaw1,2023-04-21
LW045DVYSGRD75TK6U54,qsuxtu,2023-04-21
5E325T5HYL61QSABVR5V,ff86jr,2023-04-21
SOVPFK3BBWKTQM9HOHWJ,wlgba2,2023-04-21
P41C5HK4P2G5GFRMT6ZA,elbbze,2023-04-21
5E325T5HYL61QSABVR5V,ainmge,2023-04-21
EN1SA43DTN2LIR8DEW5S,0g02r8,2023-04-21
5E325T5HYL61QSABVR5V,bvr4aa,2023-04-21
KD9PHCBGYFBRI9ET1O9R,jlc4eq,2023-04-21
2WPF1NXECF3G6NUMWDO7,eaf7bk,2023-04-21
P41C5HK4P2G5GFRMT6ZA,bk64ft,2023-04-21
P41C5HK4P2G5GFRMT6ZA,cptyk3,2023-04-21
AK81O7W3KGPEN8LABG2N,oxg877,2023-04-21
P41C5HK4P2G5GFRMT6ZA,35xyf7,2023-04-21
IDOFCO721HTJGDH7332G,iprb5k,2023-04-21
5E325T5HYL61QSABVR5V,o4dv0w,2023-04-21
IDOFCO721HTJGDH7332G,jvuuro,2023-04-21
5E325T5HYL61QSABVR5V,t5ujd9,2023-04-21
OY5LNPB5A8FF43ITRZG3,8rs9aj,2023-04-21
K6Z0X85ZUY0TSF4RCG5J,f4q5ej,2023-04-21
2WPF1NXECF3G6NUMWDO7,y90z0f,2023-04-21
6X20RDH567MX2X3TXYJ7,gwv67d,2023-04-21
OAGTYWN8WFC997VLDJH7,5ll4bb,2023-04-21
IDOFCO721HTJGDH7332G,m0rky3,2023-04-21
KD9PHCBGYFBRI9ET1O9R,x7kdh3,2023-04-21
2WPF1NXECF3G6NUMWDO7,5da8p6,2023-04-21
5E325T5HYL61QSABVR5V,n76q39,2023-04-21
M0LU6DCI1WILGQBZ6808,8tte7t,2023-04-21
LTRZRCI4M19WYVL6Q6L5,ndhwyv,2023-04-21
P41C5HK4P2G5GFRMT6ZA,um0u29,2023-04-21
6X20RDH567MX2X3TXYJ7,ervt3m,2023-04-21
LW045DVYSGRD75TK6U54,xq2mjn,2023-04-21
5E325T5HYL61QSABVR5V,nwnl0s,2023-04-21
OY5LNPB5A8FF43ITRZG3,2n3qcq,2023-04-21
8C88YB6E8YCGWU07HA7A,a4253n,2023-04-21
5E325T5HYL61QSABVR5V,i8pzqi,2023-04-21
2WPF1NXECF3G6NUMWDO7,ovt0dt,2023-04-21
6X20RDH567MX2X3TXYJ7,z2aszi,2023-04-21
M0LU6DCI1WILGQBZ6808,6xsbvv,2023-04-21
IDOFCO721HTJGDH7332G,dhk71o,2023-04-21
IDOFCO721HTJGDH7332G,04xpt3,2023-04-21
LW045DVYSGRD75TK6U54,cbaj3q,2023-04-21
LW045DVYSGRD75TK6U54,nd6h69,2023-04-21
IOBPI63RBJIHI5FB7U9O,zmttuk,2023-04-21
5E325T5HYL61QSABVR5V,n76q39,2023-04-21
EN1SA43DTN2LIR8DEW5S,b448dh,2023-04-21
LW045DVYSGRD75TK6U54,mjdo61,2023-04-21
K6Z0X85ZUY0TSF4RCG5J,h4bstm,2023-04-21
5E325T5HYL61QSABVR5V,23fv9y,2023-04-21
M0LU6DCI1WILGQBZ6808,tw2frc,2023-04-21
M0LU6DCI1WILGQBZ6808,6jujww,2023-04-21
OAGTYWN8WFC997VLDJH7,7ikins,2023-04-21
SOVPFK3BBWKTQM9HOHWJ,vwkgu5,2023-04-21
LTRZRCI4M19WYVL6Q6L5,8evyil,2023-04-21
GXLKAA83238FVRU718EX,vd4akr,2023-04-21
OY5LNPB5A8FF43ITRZG3,xueg4l,2023-04-21
KD9PHCBGYFBRI9ET1O9R,ve2187,2023-04-21
P41C5HK4P2G5GFRMT6ZA,k9jkou,2023-04-21
Y0W3K7OV6ZLILW96OO3K,v0bao7,2023-04-21
62FIK8F2YT8JSFDBLEC9,2zmk9p,2023-04-21
62FIK8F2YT8JSFDBLEC9,nv2qdh,2023-04-21
P41C5HK4P2G5GFRMT6ZA,q3me5m,2023-04-21
SOVPFK3BBWKTQM9HOHWJ,htv7hv,2023-04-21
EN1SA43DTN2LIR8DEW5S,ru5qzn,2023-04-21
8C88YB6E8YCGWU07HA7A,17izpo,2023-04-21
6X20RDH567MX2X3TXYJ7,7ls6g6,2023-04-21
6X20RDH567MX2X3TXYJ7,9rf7vt,2023-04-21
IOBPI63RBJIHI5FB7U9O,9s6jgm,2023-04-21
IDOFCO721HTJGDH7332G,v8qm6y,2023-04-21
6X20RDH567MX2X3TXYJ7,pf1k56,2023-04-21
2WPF1NXECF3G6NUMWDO7,b6r0i1,2023-04-21
OY5LNPB5A8FF43ITRZG3,2m009y,2023-04-21
2WPF1NXECF3G6NUMWDO7,4vcn5d,2023-04-21
Y0W3K7OV6ZLILW96OO3K,8c6bzk,2023-04-21
AK81O7W3KGPEN8LABG2N,ucps03,2023-04-21
6X20RDH567MX2X3TXYJ7,wft4c7,2023-04-21
EN1SA43DTN2LIR8DEW5S,ahyyjo,2023-04-21
5E325T5HYL61QSABVR5V,vt50c4,2023-04-21
KD9PHCBGYFBRI9ET1O9R,yki41z,2023-04-21
5E325T5HYL61QSABVR5V,54u712,2023-04-21
62FIK8F2YT8JSFDBLEC9,hbj0w3,2023-04-21
8C88YB6E8YCGWU07HA7A,e84d32,2023-04-21
OY5LNPB5A8FF43ITRZG3,roesvu,2023-04-21
AK81O7W3KGPEN8LABG2N,umarxt,2023-04-21
SOVPFK3BBWKTQM9HOHWJ,6v0l9e,2023-04-21
IOBPI63RBJIHI5FB7U9O,4nocu9,2023-04-21
8C88YB6E8YCGWU07HA7A,mid5xp,2023-04-21
62FIK8F2YT8JSFDBLEC9,rrwqep,2023-04-21
AK81O7W3KGPEN8LABG2N,bi3by6,2023-04-21
OAGTYWN8WFC997VLDJH7,26clyi,2023-04-21
M0LU6DCI1WILGQBZ6808,925c7t,2023-04-21
IDOFCO721HTJGDH7332G,7vylqi,2023-04-21
IDOFCO721HTJGDH7332G,88i2x0,2023-04-21
8C88YB6E8YCGWU07HA7A,wpds4w,2023-04-21
OAGTYWN8WFC997VLDJH7,zhldur,2023-04-21
2WPF1NXECF3G6NUMWDO7,jxqlz7,2023-04-21
K6Z0X85ZUY0TSF4RCG5J,tkiaqc,2023-04-21
OAGTYWN8WFC997VLDJH7,w9jxl5,2023-04-21
8C88YB6E8YCGWU07HA7A,a9ml21,2023-04-21
2WPF1NXECF3G6NUMWDO7,okg60f,2023-04-21
KD9PHCBGYFBRI9ET1O9R,qxz53k,2023-04-21
K6Z0X85ZUY0TSF4RCG5J,dwwwh6,2023-04-21
SOVPFK3BBWKTQM9HOHWJ,wm7aon,2023-04-21
OY5LNPB5A8FF43ITRZG3,h6n78t,2023-04-21
LW045DVYSGRD75TK6U54,a79i17,2023-04-21
KD9PHCBGYFBRI9ET1O9R,2asahz,2023-04-21
OAGTYWN8WFC997VLDJH7,po8vy9,2023-04-21
AK81O7W3KGPEN8LABG2N,qe9btr,2023-04-21
OY5LNPB5A8FF43ITRZG3,cgfqab,2023-04-21
62FIK8F2YT8JSFDBLEC9,hpcac6,2023-04-21
P41C5HK4P2G5GFRMT6ZA,qr6qjs,2023-04-21
5E325T5HYL61QSABVR5V,muixf6,2023-04-21
KD9PHCBGYFBRI9ET1O9R,k62ilu,2023-04-21
LTRZRCI4M19WYVL6Q6L5,hxz1x7,2023-04-21
EN1SA43DTN2LIR8DEW5S,y0n03l,2023-04-21
8C88YB6E8YCGWU07HA7A,q240nj,2023-04-21
Y0W3K7OV6ZLILW96OO3K,vhz6td,2023-04-21
M0LU6DCI1WILGQBZ6808,4aidsj,2023-04-21
KD9PHCBGYFBRI9ET1O9R,1ldory,2023-04-21
IOBPI63RBJIHI5FB7U9O,inzjuj,2023-04-21
IOBPI63RBJIHI5FB7U9O,hgf40x,2023-04-21
Y0W3K7OV6ZLILW96OO3K,2ob8wx,2023-04-21
LW045DVYSGRD75TK6U54,eyrv3l,2023-04-21
8C88YB6E8YCGWU07HA7A,u2c2jz,2023-04-21
2WPF1NXECF3G6NUMWDO7,khdrbo,2023-04-21
IDOFCO721HTJGDH7332G,0svqfc,2023-04-21
P41C5HK4P2G5GFRMT6ZA,z7cagx,2023-04-21
8C88YB6E8YCGWU07HA7A,7sfd1a,2023-04-21
IOBPI63RBJIHI5FB7U9O,0dv08m,2023-04-21
2WPF1NXECF3G6NUMWDO7,jnpkiv,2023-04-21
AK81O7W3KGPEN8LABG2N,sgq0go,2023-04-21
K6Z0X85ZUY0TSF4RCG5J,0hzpqs,2023-04-21
Y0W3K7OV6ZLILW96OO3K,r52bi2,2023-04-21
SOVPFK3BBWKTQM9HOHWJ,9czk20,2023-04-21
EN1SA43DTN2LIR8DEW5S,b5twm9,2023-04-21
Y0W3K7OV6ZLILW96OO3K,hwrq3i,2023-04-21
62FIK8F2YT8JSFDBLEC9,stumy1,2023-04-21
IOBPI63RBJIHI5FB7U9O,g3fl74,2023-04-21
P41C5HK4P2G5GFRMT6ZA,zejm0f,2023-04-21
EN1SA43DTN2LIR8DEW5S,qe4lp0,2023-04-21
M0LU6DCI1WILGQBZ6808,zsfy1w,2023-04-21
OY5LNPB5A8FF43ITRZG3,ot4ozo,2023-04-21
GXLKAA83238FVRU718EX,imy3lo,2023-04-21
AK81O7W3KGPEN8LABG2N,vwvi2z,2023-04-21
GXLKAA83238FVRU718EX,3jdut4,2023-04-21
IDOFCO721HTJGDH7332G,q6ck7s,2023-04-21
2WPF1NXECF3G6NUMWDO7,hwtpfu,2023-04-21
IDOFCO721HTJGDH7332G,4nw8r6,2023-04-21
EN1SA43DTN2LIR8DEW5S,6l6nx5,2023-04-21
LW045DVYSGRD75TK6U54,9qk8xw,2023-04-21
EN1SA43DTN2LIR8DEW5S,6jn2gv,2023-04-21
EN1SA43DTN2LIR8DEW5S,hnz5pu,2023-04-21
EN1SA43DTN2LIR8DEW5S,rtoqc0,2023-04-21
EN1SA43DTN2LIR8DEW5S,5twjtq,2023-04-21
2WPF1NXECF3G6NUMWDO7,z7nmy5,2023-04-21
P41C5HK4P2G5GFRMT6ZA,smr9z4,2023-04-21
6X20RDH567MX2X3TXYJ7,gfc4e1,2023-04-21
GXLKAA83238FVRU718EX,6iujcs,2023-04-21
IOBPI63RBJIHI5FB7U9O,9s6jgm,2023-04-21
GXLKAA83238FVRU718EX,5kdmbv,2023-04-21
8C88YB6E8YCGWU07HA7A,3tcxsf,2023-04-21
8C88YB6E8YCGWU07HA7A,sthlun,2023-04-21
K6Z0X85ZUY0TSF4RCG5J,nfuf66,2023-04-21
LTRZRCI4M19WYVL6Q6L5,glfx55,2023-04-21
M0LU6DCI1WILGQBZ6808,q10cv3,2023-04-21
P41C5HK4P2G5GFRMT6ZA,k9jkou,2023-04-21
M0LU6DCI1WILGQBZ6808,7o3dcz,2023-04-21
IDOFCO721HTJGDH7332G,m0rky3,2023-04-21
OAGTYWN8WFC997VLDJH7,16ks3e,2023-04-21
P41C5HK4P2G5GFRMT6ZA,v2l6dc,2023-04-21
P41C5HK4P2G5GFRMT6ZA,zdzr5b,2023-04-21
OAGTYWN8WFC997VLDJH7,gy09uu,2023-04-21
IOBPI63RBJIHI5FB7U9O,n2ovtj,2023-04-21
8C88YB6E8YCGWU07HA7A,3tcxsf,2023-04-21
SOVPFK3BBWKTQM9HOHWJ,8tf75d,2023-04-21
KD9PHCBGYFBRI9ET1O9R,strtys,2023-04-21
Y0W3K7OV6ZLILW96OO3K,n8zn9i,2023-04-21
EN1SA43DTN2LIR8DEW5S,vs6o0p,2023-04-21
EN1SA43DTN2LIR8DEW5S,vdwahs,2023-04-21
OAGTYWN8WFC997VLDJH7,tnp14h,2023-04-21
62FIK8F2YT8JSFDBLEC9,tqoxuo,2023-04-21
OY5LNPB5A8FF43ITRZG3,nfy4pa,2023-04-21
AK81O7W3KGPEN8LABG2N,tf52j2,2023-04-21
OY5LNPB5A8FF43ITRZG3,01cor3,2023-04-21
62FIK8F2YT8JSFDBLEC9,dcmlrl,2023-04-21
8C88YB6E8YCGWU07HA7A,7gziay,2023-04-21
P41C5HK4P2G5GFRMT6ZA,6f3rlh,2023-04-21
8C88YB6E8YCGWU07HA7A,8up2lx,2023-04-21
LTRZRCI4M19WYVL6Q6L5,j2c17a,2023-04-21
OAGTYWN8WFC997VLDJH7,l59ymp,2023-04-21
KD9PHCBGYFBRI9ET1O9R,lka0ux,2023-04-21
M0LU6DCI1WILGQBZ6808,k5i4y9,2023-04-21
2WPF1NXECF3G6NUMWDO7,r93fi5,2023-04-21
2WPF1NXECF3G6NUMWDO7,b6r0i1,2023-04-21
5E325T5HYL61QSABVR5V,2weqok,2023-04-21
LTRZRCI4M19WYVL6Q6L5,om3osx,2023-04-21
6X20RDH567MX2X3TXYJ7,4j969v,2023-04-21
8C88YB6E8YCGWU07HA7A,f4jnan,2023-04-21
IDOFCO721HTJGDH7332G,tdi3cs,2023-04-21
KD9PHCBGYFBRI9ET1O9R,chsoyf,2023-04-21
K6Z0X85ZUY0TSF4RCG5J,2rv46m,2023-04-21
IOBPI63RBJIHI5FB7U9O,14dx2a,2023-04-21
K6Z0X85ZUY0TSF4RCG5J,dbufjm,2023-04-21
